tournament,startTime,match_id,esports_game_id,game_num,team_a_code,team_a_name,team_b_code,team_b_name,state,has_vods
lec_summer_2025,2025-08-02T15:00:00Z,113487543463874880,113487543463874881,1,NAVI,Natus Vincere,KC,Karmine Corp,,1
lec_summer_2025,2025-08-02T15:00:00Z,113487543463874880,113487543463874882,2,NAVI,Natus Vincere,KC,Karmine Corp,,1
lec_summer_2025,2025-08-02T15:00:00Z,113487543463874880,113487543463874883,3,NAVI,Natus Vincere,KC,Karmine Corp,,0
lec_summer_2025,2025-08-02T17:00:00Z,113487543463874912,113487543463874913,1,TH,Team Heretics,FNC,Fnatic,,1
lec_summer_2025,2025-08-02T17:00:00Z,113487543463874912,113487543463874914,2,TH,Team Heretics,FNC,Fnatic,,1
lec_summer_2025,2025-08-02T17:00:00Z,113487543463874912,113487543463874915,3,TH,Team Heretics,FNC,Fnatic,,1
lec_summer_2025,2025-08-03T15:00:00Z,113487543463874932,113487543463874933,1,SHFT,Shifters,SK,SK Gaming,,1
lec_summer_2025,2025-08-03T15:00:00Z,113487543463874932,113487543463874934,2,SHFT,Shifters,SK,SK Gaming,,1
lec_summer_2025,2025-08-03T15:00:00Z,113487543463874932,113487543463874935,3,SHFT,Shifters,SK,SK Gaming,,0
lec_summer_2025,2025-08-03T17:00:00Z,113487543463874872,113487543463874873,1,GX,GIANTX,KC,Karmine Corp,,1
lec_summer_2025,2025-08-03T17:00:00Z,113487543463874872,113487543463874874,2,GX,GIANTX,KC,Karmine Corp,,1
lec_summer_2025,2025-08-03T17:00:00Z,113487543463874872,113487543463874875,3,GX,GIANTX,KC,Karmine Corp,,1
lec_summer_2025,2025-08-04T15:00:00Z,113487543463874920,113487543463874921,1,SK,SK Gaming,FNC,Fnatic,,1
lec_summer_2025,2025-08-04T15:00:00Z,113487543463874920,113487543463874922,2,SK,SK Gaming,FNC,Fnatic,,1
lec_summer_2025,2025-08-04T15:00:00Z,113487543463874920,113487543463874923,3,SK,SK Gaming,FNC,Fnatic,,0
lec_summer_2025,2025-08-04T17:00:00Z,113487543463874884,113487543463874885,1,GX,GIANTX,VIT,Team Vitality,,1
lec_summer_2025,2025-08-04T17:00:00Z,113487543463874884,113487543463874886,2,GX,GIANTX,VIT,Team Vitality,,1
lec_summer_2025,2025-08-04T17:00:00Z,113487543463874884,113487543463874887,3,GX,GIANTX,VIT,Team Vitality,,0
lec_summer_2025,2025-08-09T15:00:00Z,113487543463874900,113487543463874901,1,G2,G2 Esports,TH,Team Heretics,,1
lec_summer_2025,2025-08-09T15:00:00Z,113487543463874900,113487543463874902,2,G2,G2 Esports,TH,Team Heretics,,1
lec_summer_2025,2025-08-09T15:00:00Z,113487543463874900,113487543463874903,3,G2,G2 Esports,TH,Team Heretics,,0
lec_summer_2025,2025-08-09T17:00:00Z,113487543463874860,113487543463874861,1,MKOI,Movistar KOI,GX,GIANTX,,1
lec_summer_2025,2025-08-09T17:00:00Z,113487543463874860,113487543463874862,2,MKOI,Movistar KOI,GX,GIANTX,,1
lec_summer_2025,2025-08-09T17:00:00Z,113487543463874860,113487543463874863,3,MKOI,Movistar KOI,GX,GIANTX,,1
lec_summer_2025,2025-08-10T15:00:00Z,113487543463874916,113487543463874917,1,FNC,Fnatic,SHFT,Shifters,,1
lec_summer_2025,2025-08-10T15:00:00Z,113487543463874916,113487543463874918,2,FNC,Fnatic,SHFT,Shifters,,1
lec_summer_2025,2025-08-10T15:00:00Z,113487543463874916,113487543463874919,3,FNC,Fnatic,SHFT,Shifters,,0
lec_summer_2025,2025-08-10T17:00:00Z,113487543463874856,113487543463874857,1,KC,Karmine Corp,MKOI,Movistar KOI,,1
lec_summer_2025,2025-08-10T17:00:00Z,113487543463874856,113487543463874858,2,KC,Karmine Corp,MKOI,Movistar KOI,,1
lec_summer_2025,2025-08-10T17:00:00Z,113487543463874856,113487543463874859,3,KC,Karmine Corp,MKOI,Movistar KOI,,1
lec_summer_2025,2025-08-16T15:00:00Z,113487543463874868,113487543463874869,1,MKOI,Movistar KOI,NAVI,Natus Vincere,,1
lec_summer_2025,2025-08-16T15:00:00Z,113487543463874868,113487543463874870,2,MKOI,Movistar KOI,NAVI,Natus Vincere,,1
lec_summer_2025,2025-08-16T15:00:00Z,113487543463874868,113487543463874871,3,MKOI,Movistar KOI,NAVI,Natus Vincere,,0
lec_summer_2025,2025-08-16T17:00:00Z,113487543463874928,113487543463874929,1,TH,Team Heretics,SK,SK Gaming,,1
lec_summer_2025,2025-08-16T17:00:00Z,113487543463874928,113487543463874930,2,TH,Team Heretics,SK,SK Gaming,,1
lec_summer_2025,2025-08-16T17:00:00Z,113487543463874928,113487543463874931,3,TH,Team Heretics,SK,SK Gaming,,1
lec_summer_2025,2025-08-17T15:00:00Z,113487543463874892,113487543463874893,1,VIT,Team Vitality,NAVI,Natus Vincere,,1
lec_summer_2025,2025-08-17T15:00:00Z,113487543463874892,113487543463874894,2,VIT,Team Vitality,NAVI,Natus Vincere,,1
lec_summer_2025,2025-08-17T15:00:00Z,113487543463874892,113487543463874895,3,VIT,Team Vitality,NAVI,Natus Vincere,,0
lec_summer_2025,2025-08-17T17:00:00Z,113487543463874896,113487543463874897,1,FNC,Fnatic,G2,G2 Esports,,1
lec_summer_2025,2025-08-17T17:00:00Z,113487543463874896,113487543463874898,2,FNC,Fnatic,G2,G2 Esports,,1
lec_summer_2025,2025-08-17T17:00:00Z,113487543463874896,113487543463874899,3,FNC,Fnatic,G2,G2 Esports,,0
lec_summer_2025,2025-08-18T15:00:00Z,113487543463874876,113487543463874877,1,KC,Karmine Corp,VIT,Team Vitality,,1
lec_summer_2025,2025-08-18T15:00:00Z,113487543463874876,113487543463874878,2,KC,Karmine Corp,VIT,Team Vitality,,1
lec_summer_2025,2025-08-18T15:00:00Z,113487543463874876,113487543463874879,3,KC,Karmine Corp,VIT,Team Vitality,,1
lec_summer_2025,2025-08-18T17:00:00Z,113487543463874904,113487543463874905,1,G2,G2 Esports,SHFT,Shifters,,1
lec_summer_2025,2025-08-18T17:00:00Z,113487543463874904,113487543463874906,2,G2,G2 Esports,SHFT,Shifters,,1
lec_summer_2025,2025-08-18T17:00:00Z,113487543463874904,113487543463874907,3,G2,G2 Esports,SHFT,Shifters,,0
lec_summer_2025,2025-08-25T15:00:00Z,113487543463874908,113487543463874909,1,SK,SK Gaming,G2,G2 Esports,,1
lec_summer_2025,2025-08-25T15:00:00Z,113487543463874908,113487543463874910,2,SK,SK Gaming,G2,G2 Esports,,1
lec_summer_2025,2025-08-25T15:00:00Z,113487543463874908,113487543463874911,3,SK,SK Gaming,G2,G2 Esports,,0
lec_summer_2025,2025-08-25T17:00:00Z,113487543463874924,113487543463874925,1,SHFT,Shifters,TH,Team Heretics,,1
lec_summer_2025,2025-08-25T17:00:00Z,113487543463874924,113487543463874926,2,SHFT,Shifters,TH,Team Heretics,,1
lec_summer_2025,2025-08-25T17:00:00Z,113487543463874924,113487543463874927,3,SHFT,Shifters,TH,Team Heretics,,1
lec_summer_2025,2025-08-26T15:00:00Z,113487543463874864,113487543463874865,1,VIT,Team Vitality,MKOI,Movistar KOI,,1
lec_summer_2025,2025-08-26T15:00:00Z,113487543463874864,113487543463874866,2,VIT,Team Vitality,MKOI,Movistar KOI,,1
lec_summer_2025,2025-08-26T15:00:00Z,113487543463874864,113487543463874867,3,VIT,Team Vitality,MKOI,Movistar KOI,,0
lec_summer_2025,2025-08-26T17:00:00Z,113487543463874888,113487543463874889,1,NAVI,Natus Vincere,GX,GIANTX,,1
lec_summer_2025,2025-08-26T17:00:00Z,113487543463874888,113487543463874890,2,NAVI,Natus Vincere,GX,GIANTX,,1
lec_summer_2025,2025-08-26T17:00:00Z,113487543463874888,113487543463874891,3,NAVI,Natus Vincere,GX,GIANTX,,0
lec_summer_2025,2025-09-05T15:00:00Z,113487569888189671,113487569888189672,1,TH,Team Heretics,VIT,Team Vitality,,1
lec_summer_2025,2025-09-05T15:00:00Z,113487569888189671,113487569888189673,2,TH,Team Heretics,VIT,Team Vitality,,1
lec_summer_2025,2025-09-05T15:00:00Z,113487569888189671,113487569888189674,3,TH,Team Heretics,VIT,Team Vitality,,1
lec_summer_2025,2025-09-05T15:00:00Z,113487569888189671,114914218255748361,4,TH,Team Heretics,VIT,Team Vitality,,1
lec_summer_2025,2025-09-05T15:00:00Z,113487569888189671,114914218255748362,5,TH,Team Heretics,VIT,Team Vitality,,0
lec_summer_2025,2025-09-06T15:00:00Z,113487569888189667,113487569888189668,1,GX,GIANTX,SHFT,Shifters,,1
lec_summer_2025,2025-09-06T15:00:00Z,113487569888189667,113487569888189669,2,GX,GIANTX,SHFT,Shifters,,1
lec_summer_2025,2025-09-06T15:00:00Z,113487569888189667,113487569888189670,3,GX,GIANTX,SHFT,Shifters,,1
lec_summer_2025,2025-09-06T15:00:00Z,113487569888189667,114914218255748359,4,GX,GIANTX,SHFT,Shifters,,0
lec_summer_2025,2025-09-06T15:00:00Z,113487569888189667,114914218255748360,5,GX,GIANTX,SHFT,Shifters,,0
lec_summer_2025,2025-09-07T15:00:00Z,113487569888189681,113487569888189682,1,KC,Karmine Corp,G2,G2 Esports,,1
lec_summer_2025,2025-09-07T15:00:00Z,113487569888189681,113487569888189683,2,KC,Karmine Corp,G2,G2 Esports,,1
lec_summer_2025,2025-09-07T15:00:00Z,113487569888189681,113487569888189684,3,KC,Karmine Corp,G2,G2 Esports,,1
lec_summer_2025,2025-09-07T15:00:00Z,113487569888189681,113487569888189685,4,KC,Karmine Corp,G2,G2 Esports,,1
lec_summer_2025,2025-09-07T15:00:00Z,113487569888189681,113487569888189686,5,KC,Karmine Corp,G2,G2 Esports,,0
lec_summer_2025,2025-09-08T15:00:00Z,113487569888189675,113487569888189676,1,MKOI,Movistar KOI,FNC,Fnatic,,1
lec_summer_2025,2025-09-08T15:00:00Z,113487569888189675,113487569888189677,2,MKOI,Movistar KOI,FNC,Fnatic,,1
lec_summer_2025,2025-09-08T15:00:00Z,113487569888189675,113487569888189678,3,MKOI,Movistar KOI,FNC,Fnatic,,1
lec_summer_2025,2025-09-08T15:00:00Z,113487569888189675,113487569888189679,4,MKOI,Movistar KOI,FNC,Fnatic,,1
lec_summer_2025,2025-09-08T15:00:00Z,113487569888189675,113487569888189680,5,MKOI,Movistar KOI,FNC,Fnatic,,1
lec_summer_2025,2025-09-13T15:00:00Z,113487569888189699,113487569888189700,1,KC,Karmine Corp,VIT,Team Vitality,,1
lec_summer_2025,2025-09-13T15:00:00Z,113487569888189699,113487569888189701,2,KC,Karmine Corp,VIT,Team Vitality,,1
lec_summer_2025,2025-09-13T15:00:00Z,113487569888189699,113487569888189702,3,KC,Karmine Corp,VIT,Team Vitality,,1
lec_summer_2025,2025-09-13T15:00:00Z,113487569888189699,113487569888189703,4,KC,Karmine Corp,VIT,Team Vitality,,1
lec_summer_2025,2025-09-13T15:00:00Z,113487569888189699,113487569888189704,5,KC,Karmine Corp,VIT,Team Vitality,,0
lec_summer_2025,2025-09-14T15:00:00Z,113487569888189687,113487569888189688,1,MKOI,Movistar KOI,G2,G2 Esports,,1
lec_summer_2025,2025-09-14T15:00:00Z,113487569888189687,113487569888189689,2,MKOI,Movistar KOI,G2,G2 Esports,,1
lec_summer_2025,2025-09-14T15:00:00Z,113487569888189687,113487569888189690,3,MKOI,Movistar KOI,G2,G2 Esports,,1
lec_summer_2025,2025-09-14T15:00:00Z,113487569888189687,113487569888189691,4,MKOI,Movistar KOI,G2,G2 Esports,,1
lec_summer_2025,2025-09-14T15:00:00Z,113487569888189687,113487569888189692,5,MKOI,Movistar KOI,G2,G2 Esports,,0
lec_summer_2025,2025-09-15T15:00:00Z,113487569888189693,113487569888189694,1,FNC,Fnatic,GX,GIANTX,,1
lec_summer_2025,2025-09-15T15:00:00Z,113487569888189693,113487569888189695,2,FNC,Fnatic,GX,GIANTX,,1
lec_summer_2025,2025-09-15T15:00:00Z,113487569888189693,113487569888189696,3,FNC,Fnatic,GX,GIANTX,,1
lec_summer_2025,2025-09-15T15:00:00Z,113487569888189693,113487569888189697,4,FNC,Fnatic,GX,GIANTX,,0
lec_summer_2025,2025-09-15T15:00:00Z,113487569888189693,113487569888189698,5,FNC,Fnatic,GX,GIANTX,,0
lec_summer_2025,2025-09-26T15:00:00Z,113487569888189705,113487569888255242,1,KC,Karmine Corp,FNC,Fnatic,,1
lec_summer_2025,2025-09-26T15:00:00Z,113487569888189705,113487569888255243,2,KC,Karmine Corp,FNC,Fnatic,,1
lec_summer_2025,2025-09-26T15:00:00Z,113487569888189705,113487569888255244,3,KC,Karmine Corp,FNC,Fnatic,,1
lec_summer_2025,2025-09-26T15:00:00Z,113487569888189705,113487569888255245,4,KC,Karmine Corp,FNC,Fnatic,,1
lec_summer_2025,2025-09-26T15:00:00Z,113487569888189705,113487569888255246,5,KC,Karmine Corp,FNC,Fnatic,,0
lec_summer_2025,2025-09-27T15:00:00Z,113487569888255247,113487569888255248,1,MKOI,Movistar KOI,FNC,Fnatic,,1
lec_summer_2025,2025-09-27T15:00:00Z,113487569888255247,113487569888255249,2,MKOI,Movistar KOI,FNC,Fnatic,,1
lec_summer_2025,2025-09-27T15:00:00Z,113487569888255247,113487569888255250,3,MKOI,Movistar KOI,FNC,Fnatic,,1
lec_summer_2025,2025-09-27T15:00:00Z,113487569888255247,113487569888255251,4,MKOI,Movistar KOI,FNC,Fnatic,,1
lec_summer_2025,2025-09-27T15:00:00Z,113487569888255247,113487569888255252,5,MKOI,Movistar KOI,FNC,Fnatic,,0
lec_summer_2025,2025-09-28T15:00:00Z,113487569888255253,113487569888255254,1,MKOI,Movistar KOI,G2,G2 Esports,,1
lec_summer_2025,2025-09-28T15:00:00Z,113487569888255253,113487569888255255,2,MKOI,Movistar KOI,G2,G2 Esports,,1
lec_summer_2025,2025-09-28T15:00:00Z,113487569888255253,113487569888255256,3,MKOI,Movistar KOI,G2,G2 Esports,,1
lec_summer_2025,2025-09-28T15:00:00Z,113487569888255253,113487569888255257,4,MKOI,Movistar KOI,G2,G2 Esports,,0
lec_summer_2025,2025-09-28T15:00:00Z,113487569888255253,113487569888255258,5,MKOI,Movistar KOI,G2,G2 Esports,,0
lec_spring_2025,2025-03-29T13:00:00Z,113487475359325309,113487475359325310,1,FNC,Fnatic,GX,GIANTX,,1
lec_spring_2025,2025-03-29T13:00:00Z,113487475359325309,113487475359325311,2,FNC,Fnatic,GX,GIANTX,,1
lec_spring_2025,2025-03-29T13:00:00Z,113487475359325309,113487475359325312,3,FNC,Fnatic,GX,GIANTX,,0
lec_spring_2025,2025-03-29T15:00:00Z,113487475359259645,113487475359259646,1,RGE,Rogue,TH,Team Heretics,,1
lec_spring_2025,2025-03-29T15:00:00Z,113487475359259645,113487475359259647,2,RGE,Rogue,TH,Team Heretics,,1
lec_spring_2025,2025-03-29T15:00:00Z,113487475359259645,113487475359259648,3,RGE,Rogue,TH,Team Heretics,,0
lec_spring_2025,2025-03-29T17:00:00Z,113487475359325345,113487475359325346,1,G2,G2 Esports,MKOI,Movistar KOI,,1
lec_spring_2025,2025-03-29T17:00:00Z,113487475359325345,113487475359325347,2,G2,G2 Esports,MKOI,Movistar KOI,,1
lec_spring_2025,2025-03-29T17:00:00Z,113487475359325345,113487475359325348,3,G2,G2 Esports,MKOI,Movistar KOI,,1
lec_spring_2025,2025-03-30T15:00:00Z,113487475359325253,113487475359325254,1,GX,GIANTX,VIT,Team Vitality,,1
lec_spring_2025,2025-03-30T15:00:00Z,113487475359325253,113487475359325255,2,GX,GIANTX,VIT,Team Vitality,,1
lec_spring_2025,2025-03-30T15:00:00Z,113487475359325253,113487475359325256,3,GX,GIANTX,VIT,Team Vitality,,0
lec_spring_2025,2025-03-30T17:00:00Z,113487475359325341,113487475359325342,1,KC,Karmine Corp,MKOI,Movistar KOI,,1
lec_spring_2025,2025-03-30T17:00:00Z,113487475359325341,113487475359325343,2,KC,Karmine Corp,MKOI,Movistar KOI,,1
lec_spring_2025,2025-03-30T17:00:00Z,113487475359325341,113487475359325344,3,KC,Karmine Corp,MKOI,Movistar KOI,,1
lec_spring_2025,2025-03-31T15:00:00Z,113487475359259685,113487475359259686,1,SHFT,Shifters,RGE,Rogue,,1
lec_spring_2025,2025-03-31T15:00:00Z,113487475359259685,113487475359259687,2,SHFT,Shifters,RGE,Rogue,,1
lec_spring_2025,2025-03-31T15:00:00Z,113487475359259685,113487475359259688,3,SHFT,Shifters,RGE,Rogue,,1
lec_spring_2025,2025-03-31T17:00:00Z,113487475359325325,113487475359325326,1,SK,SK Gaming,FNC,Fnatic,,1
lec_spring_2025,2025-03-31T17:00:00Z,113487475359325325,113487475359325327,2,SK,SK Gaming,FNC,Fnatic,,1
lec_spring_2025,2025-03-31T17:00:00Z,113487475359325325,113487475359325328,3,SK,SK Gaming,FNC,Fnatic,,0
lec_spring_2025,2025-04-05T12:00:00Z,113487475359259681,113487475359259682,1,RGE,Rogue,VIT,Team Vitality,,1
lec_spring_2025,2025-04-05T12:00:00Z,113487475359259681,113487475359259683,2,RGE,Rogue,VIT,Team Vitality,,1
lec_spring_2025,2025-04-05T12:00:00Z,113487475359259681,113487475359259684,3,RGE,Rogue,VIT,Team Vitality,,0
lec_spring_2025,2025-04-05T14:00:00Z,113487475359325293,113487475359325294,1,SHFT,Shifters,KC,Karmine Corp,,1
lec_spring_2025,2025-04-05T14:00:00Z,113487475359325293,113487475359325295,2,SHFT,Shifters,KC,Karmine Corp,,1
lec_spring_2025,2025-04-05T14:00:00Z,113487475359325293,113487475359325296,3,SHFT,Shifters,KC,Karmine Corp,,0
lec_spring_2025,2025-04-05T16:00:00Z,113487475359259677,113487475359259678,1,G2,G2 Esports,TH,Team Heretics,,1
lec_spring_2025,2025-04-05T16:00:00Z,113487475359259677,113487475359259679,2,G2,G2 Esports,TH,Team Heretics,,1
lec_spring_2025,2025-04-05T16:00:00Z,113487475359259677,113487475359259680,3,G2,G2 Esports,TH,Team Heretics,,0
lec_spring_2025,2025-04-06T15:00:00Z,113487475359325281,113487475359325282,1,SHFT,Shifters,SK,SK Gaming,,1
lec_spring_2025,2025-04-06T15:00:00Z,113487475359325281,113487475359325283,2,SHFT,Shifters,SK,SK Gaming,,1
lec_spring_2025,2025-04-06T15:00:00Z,113487475359325281,113487475359325284,3,SHFT,Shifters,SK,SK Gaming,,0
lec_spring_2025,2025-04-06T17:00:00Z,113487475359325349,113487475359325350,1,KC,Karmine Corp,FNC,Fnatic,,1
lec_spring_2025,2025-04-06T17:00:00Z,113487475359325349,113487475359325351,2,KC,Karmine Corp,FNC,Fnatic,,1
lec_spring_2025,2025-04-06T17:00:00Z,113487475359325349,113487475359325352,3,KC,Karmine Corp,FNC,Fnatic,,1
lec_spring_2025,2025-04-07T15:00:00Z,113487475359259689,113487475359259690,1,GX,GIANTX,RGE,Rogue,,1
lec_spring_2025,2025-04-07T15:00:00Z,113487475359259689,113487475359259691,2,GX,GIANTX,RGE,Rogue,,1
lec_spring_2025,2025-04-07T15:00:00Z,113487475359259689,113487475359259692,3,GX,GIANTX,RGE,Rogue,,0
lec_spring_2025,2025-04-07T17:00:00Z,113487475359259665,113487475359259666,1,MKOI,Movistar KOI,TH,Team Heretics,,1
lec_spring_2025,2025-04-07T17:00:00Z,113487475359259665,113487475359259667,2,MKOI,Movistar KOI,TH,Team Heretics,,1
lec_spring_2025,2025-04-07T17:00:00Z,113487475359259665,113487475359259668,3,MKOI,Movistar KOI,TH,Team Heretics,,0
lec_spring_2025,2025-04-12T12:00:00Z,113487475359259653,113487475359259654,1,TH,Team Heretics,SHFT,Shifters,,1
lec_spring_2025,2025-04-12T12:00:00Z,113487475359259653,113487475359259655,2,TH,Team Heretics,SHFT,Shifters,,1
lec_spring_2025,2025-04-12T12:00:00Z,113487475359259653,113487475359259656,3,TH,Team Heretics,SHFT,Shifters,,1
lec_spring_2025,2025-04-12T14:00:00Z,113487475359325245,113487475359325246,1,RGE,Rogue,G2,G2 Esports,,1
lec_spring_2025,2025-04-12T14:00:00Z,113487475359325245,113487475359325247,2,RGE,Rogue,G2,G2 Esports,,1
lec_spring_2025,2025-04-12T14:00:00Z,113487475359325245,113487475359325248,3,RGE,Rogue,G2,G2 Esports,,0
lec_spring_2025,2025-04-12T16:00:00Z,113487475359325329,113487475359325330,1,KC,Karmine Corp,SK,SK Gaming,,1
lec_spring_2025,2025-04-12T16:00:00Z,113487475359325329,113487475359325331,2,KC,Karmine Corp,SK,SK Gaming,,1
lec_spring_2025,2025-04-12T16:00:00Z,113487475359325329,113487475359325332,3,KC,Karmine Corp,SK,SK Gaming,,0
lec_spring_2025,2025-04-13T15:00:00Z,113487475359325265,113487475359325266,1,VIT,Team Vitality,FNC,Fnatic,,1
lec_spring_2025,2025-04-13T15:00:00Z,113487475359325265,113487475359325267,2,VIT,Team Vitality,FNC,Fnatic,,1
lec_spring_2025,2025-04-13T15:00:00Z,113487475359325265,113487475359325268,3,VIT,Team Vitality,FNC,Fnatic,,0
lec_spring_2025,2025-04-13T17:00:00Z,113487475359325285,113487475359325286,1,SHFT,Shifters,MKOI,Movistar KOI,,1
lec_spring_2025,2025-04-13T17:00:00Z,113487475359325285,113487475359325287,2,SHFT,Shifters,MKOI,Movistar KOI,,1
lec_spring_2025,2025-04-13T17:00:00Z,113487475359325285,113487475359325288,3,SHFT,Shifters,MKOI,Movistar KOI,,0
lec_spring_2025,2025-04-14T15:00:00Z,113487475359325301,113487475359325302,1,GX,GIANTX,SK,SK Gaming,,1
lec_spring_2025,2025-04-14T15:00:00Z,113487475359325301,113487475359325303,2,GX,GIANTX,SK,SK Gaming,,1
lec_spring_2025,2025-04-14T15:00:00Z,113487475359325301,113487475359325304,3,GX,GIANTX,SK,SK Gaming,,0
lec_spring_2025,2025-04-14T17:00:00Z,113487475359259673,113487475359259674,1,TH,Team Heretics,KC,Karmine Corp,,1
lec_spring_2025,2025-04-14T17:00:00Z,113487475359259673,113487475359259675,2,TH,Team Heretics,KC,Karmine Corp,,1
lec_spring_2025,2025-04-14T17:00:00Z,113487475359259673,113487475359259676,3,TH,Team Heretics,KC,Karmine Corp,,1
lec_spring_2025,2025-04-19T15:00:00Z,113487475359325237,113487475359325238,1,FNC,Fnatic,RGE,Rogue,,1
lec_spring_2025,2025-04-19T15:00:00Z,113487475359325237,113487475359325239,2,FNC,Fnatic,RGE,Rogue,,1
lec_spring_2025,2025-04-19T15:00:00Z,113487475359325237,113487475359325240,3,FNC,Fnatic,RGE,Rogue,,0
lec_spring_2025,2025-04-19T17:00:00Z,113487475359325313,113487475359325314,1,KC,Karmine Corp,GX,GIANTX,,1
lec_spring_2025,2025-04-19T17:00:00Z,113487475359325313,113487475359325315,2,KC,Karmine Corp,GX,GIANTX,,1
lec_spring_2025,2025-04-19T17:00:00Z,113487475359325313,113487475359325316,3,KC,Karmine Corp,GX,GIANTX,,1
lec_spring_2025,2025-04-20T15:00:00Z,113487475359259649,113487475359259650,1,TH,Team Heretics,VIT,Team Vitality,,1
lec_spring_2025,2025-04-20T15:00:00Z,113487475359259649,113487475359259651,2,TH,Team Heretics,VIT,Team Vitality,,1
lec_spring_2025,2025-04-20T15:00:00Z,113487475359259649,113487475359259652,3,TH,Team Heretics,VIT,Team Vitality,,0
lec_spring_2025,2025-04-20T17:00:00Z,113487475359325297,113487475359325298,1,SHFT,Shifters,G2,G2 Esports,,1
lec_spring_2025,2025-04-20T17:00:00Z,113487475359325297,113487475359325299,2,SHFT,Shifters,G2,G2 Esports,,1
lec_spring_2025,2025-04-20T17:00:00Z,113487475359325297,113487475359325300,3,SHFT,Shifters,G2,G2 Esports,,0
lec_spring_2025,2025-04-21T15:00:00Z,113487475359325229,113487475359325230,1,SK,SK Gaming,RGE,Rogue,,1
lec_spring_2025,2025-04-21T15:00:00Z,113487475359325229,113487475359325231,2,SK,SK Gaming,RGE,Rogue,,1
lec_spring_2025,2025-04-21T15:00:00Z,113487475359325229,113487475359325232,3,SK,SK Gaming,RGE,Rogue,,1
lec_spring_2025,2025-04-21T17:00:00Z,113487475359325261,113487475359325262,1,VIT,Team Vitality,MKOI,Movistar KOI,,1
lec_spring_2025,2025-04-21T17:00:00Z,113487475359325261,113487475359325263,2,VIT,Team Vitality,MKOI,Movistar KOI,,1
lec_spring_2025,2025-04-21T17:00:00Z,113487475359325261,113487475359325264,3,VIT,Team Vitality,MKOI,Movistar KOI,,0
lec_spring_2025,2025-04-26T13:00:00Z,113487475359325317,113487475359325318,1,GX,GIANTX,G2,G2 Esports,,1
lec_spring_2025,2025-04-26T13:00:00Z,113487475359325317,113487475359325319,2,GX,GIANTX,G2,G2 Esports,,1
lec_spring_2025,2025-04-26T13:00:00Z,113487475359325317,113487475359325320,3,GX,GIANTX,G2,G2 Esports,,1
lec_spring_2025,2025-04-26T15:00:00Z,113487475359325337,113487475359325338,1,MKOI,Movistar KOI,FNC,Fnatic,,1
lec_spring_2025,2025-04-26T15:00:00Z,113487475359325337,113487475359325339,2,MKOI,Movistar KOI,FNC,Fnatic,,1
lec_spring_2025,2025-04-26T15:00:00Z,113487475359325337,113487475359325340,3,MKOI,Movistar KOI,FNC,Fnatic,,1
lec_spring_2025,2025-04-27T13:00:00Z,113487475359325353,113487475359325354,1,G2,G2 Esports,FNC,Fnatic,,1
lec_spring_2025,2025-04-27T13:00:00Z,113487475359325353,113487475359325355,2,G2,G2 Esports,FNC,Fnatic,,1
lec_spring_2025,2025-04-27T13:00:00Z,113487475359325353,113487475359325356,3,G2,G2 Esports,FNC,Fnatic,,1
lec_spring_2025,2025-04-27T15:00:00Z,113487475359325305,113487475359325306,1,MKOI,Movistar KOI,GX,GIANTX,,1
lec_spring_2025,2025-04-27T15:00:00Z,113487475359325305,113487475359325307,2,MKOI,Movistar KOI,GX,GIANTX,,1
lec_spring_2025,2025-04-27T15:00:00Z,113487475359325305,113487475359325308,3,MKOI,Movistar KOI,GX,GIANTX,,1
lec_spring_2025,2025-04-28T15:00:00Z,113487475359259661,113487475359259662,1,SK,SK Gaming,TH,Team Heretics,,1
lec_spring_2025,2025-04-28T15:00:00Z,113487475359259661,113487475359259663,2,SK,SK Gaming,TH,Team Heretics,,1
lec_spring_2025,2025-04-28T15:00:00Z,113487475359259661,113487475359259664,3,SK,SK Gaming,TH,Team Heretics,,0
lec_spring_2025,2025-04-28T17:00:00Z,113487475359325249,113487475359325250,1,VIT,Team Vitality,SHFT,Shifters,,1
lec_spring_2025,2025-04-28T17:00:00Z,113487475359325249,113487475359325251,2,VIT,Team Vitality,SHFT,Shifters,,1
lec_spring_2025,2025-04-28T17:00:00Z,113487475359325249,113487475359325252,3,VIT,Team Vitality,SHFT,Shifters,,1
lec_spring_2025,2025-05-03T15:00:00Z,113487475359325289,113487475359325290,1,FNC,Fnatic,SHFT,Shifters,,1
lec_spring_2025,2025-05-03T15:00:00Z,113487475359325289,113487475359325291,2,FNC,Fnatic,SHFT,Shifters,,1
lec_spring_2025,2025-05-03T15:00:00Z,113487475359325289,113487475359325292,3,FNC,Fnatic,SHFT,Shifters,,0
lec_spring_2025,2025-05-03T17:00:00Z,113487475359325241,113487475359325242,1,KC,Karmine Corp,RGE,Rogue,,1
lec_spring_2025,2025-05-03T17:00:00Z,113487475359325241,113487475359325243,2,KC,Karmine Corp,RGE,Rogue,,1
lec_spring_2025,2025-05-03T17:00:00Z,113487475359325241,113487475359325244,3,KC,Karmine Corp,RGE,Rogue,,0
lec_spring_2025,2025-05-04T15:00:00Z,113487475359325277,113487475359325278,1,GX,GIANTX,SHFT,Shifters,,1
lec_spring_2025,2025-05-04T15:00:00Z,113487475359325277,113487475359325279,2,GX,GIANTX,SHFT,Shifters,,1
lec_spring_2025,2025-05-04T15:00:00Z,113487475359325277,113487475359325280,3,GX,GIANTX,SHFT,Shifters,,0
lec_spring_2025,2025-05-04T17:00:00Z,113487475359325273,113487475359325274,1,G2,G2 Esports,VIT,Team Vitality,,1
lec_spring_2025,2025-05-04T17:00:00Z,113487475359325273,113487475359325275,2,G2,G2 Esports,VIT,Team Vitality,,1
lec_spring_2025,2025-05-04T17:00:00Z,113487475359325273,113487475359325276,3,G2,G2 Esports,VIT,Team Vitality,,0
lec_spring_2025,2025-05-05T15:00:00Z,113487475359259669,113487475359259670,1,FNC,Fnatic,TH,Team Heretics,,1
lec_spring_2025,2025-05-05T15:00:00Z,113487475359259669,113487475359259671,2,FNC,Fnatic,TH,Team Heretics,,1
lec_spring_2025,2025-05-05T15:00:00Z,113487475359259669,113487475359259672,3,FNC,Fnatic,TH,Team Heretics,,0
lec_spring_2025,2025-05-05T17:00:00Z,113487475359325321,113487475359325322,1,MKOI,Movistar KOI,SK,SK Gaming,,1
lec_spring_2025,2025-05-05T17:00:00Z,113487475359325321,113487475359325323,2,MKOI,Movistar KOI,SK,SK Gaming,,1
lec_spring_2025,2025-05-05T17:00:00Z,113487475359325321,113487475359325324,3,MKOI,Movistar KOI,SK,SK Gaming,,0
lec_spring_2025,2025-05-10T15:00:00Z,113487475359325333,113487475359325334,1,SK,SK Gaming,G2,G2 Esports,,1
lec_spring_2025,2025-05-10T15:00:00Z,113487475359325333,113487475359325335,2,SK,SK Gaming,G2,G2 Esports,,1
lec_spring_2025,2025-05-10T15:00:00Z,113487475359325333,113487475359325336,3,SK,SK Gaming,G2,G2 Esports,,0
lec_spring_2025,2025-05-10T17:00:00Z,113487475359325269,113487475359325270,1,VIT,Team Vitality,KC,Karmine Corp,,1
lec_spring_2025,2025-05-10T17:00:00Z,113487475359325269,113487475359325271,2,VIT,Team Vitality,KC,Karmine Corp,,1
lec_spring_2025,2025-05-10T17:00:00Z,113487475359325269,113487475359325272,3,VIT,Team Vitality,KC,Karmine Corp,,1
lec_spring_2025,2025-05-11T15:00:00Z,113487475359325257,113487475359325258,1,SK,SK Gaming,VIT,Team Vitality,,1
lec_spring_2025,2025-05-11T15:00:00Z,113487475359325257,113487475359325259,2,SK,SK Gaming,VIT,Team Vitality,,1
lec_spring_2025,2025-05-11T15:00:00Z,113487475359325257,113487475359325260,3,SK,SK Gaming,VIT,Team Vitality,,0
lec_spring_2025,2025-05-11T17:00:00Z,113487475359325357,113487475359325358,1,G2,G2 Esports,KC,Karmine Corp,,1
lec_spring_2025,2025-05-11T17:00:00Z,113487475359325357,113487475359325359,2,G2,G2 Esports,KC,Karmine Corp,,1
lec_spring_2025,2025-05-11T17:00:00Z,113487475359325357,113487475359325360,3,G2,G2 Esports,KC,Karmine Corp,,1
lec_spring_2025,2025-05-12T15:00:00Z,113487475359259657,113487475359259658,1,TH,Team Heretics,GX,GIANTX,,1
lec_spring_2025,2025-05-12T15:00:00Z,113487475359259657,113487475359259659,2,TH,Team Heretics,GX,GIANTX,,1
lec_spring_2025,2025-05-12T15:00:00Z,113487475359259657,113487475359259660,3,TH,Team Heretics,GX,GIANTX,,0
lec_spring_2025,2025-05-12T17:00:00Z,113487475359325233,113487475359325234,1,RGE,Rogue,MKOI,Movistar KOI,,1
lec_spring_2025,2025-05-12T17:00:00Z,113487475359325233,113487475359325235,2,RGE,Rogue,MKOI,Movistar KOI,,1
lec_spring_2025,2025-05-12T17:00:00Z,113487475359325233,113487475359325236,3,RGE,Rogue,MKOI,Movistar KOI,,0
lec_spring_2025,2025-05-13T18:00:00Z,114499885041404289,114499885041404290,1,TH,Team Heretics,VIT,Team Vitality,,1
lec_spring_2025,2025-05-24T15:00:00Z,113487475359325367,113487475359325368,1,FNC,Fnatic,G2,G2 Esports,,1
lec_spring_2025,2025-05-24T15:00:00Z,113487475359325367,113487475359325369,2,FNC,Fnatic,G2,G2 Esports,,1
lec_spring_2025,2025-05-24T15:00:00Z,113487475359325367,113487475359325370,3,FNC,Fnatic,G2,G2 Esports,,1
lec_spring_2025,2025-05-24T15:00:00Z,113487475359325367,113487475359325371,4,FNC,Fnatic,G2,G2 Esports,,1
lec_spring_2025,2025-05-24T15:00:00Z,113487475359325367,113487475359325372,5,FNC,Fnatic,G2,G2 Esports,,0
lec_spring_2025,2025-05-25T15:00:00Z,113487475359325361,113487475359325362,1,KC,Karmine Corp,MKOI,Movistar KOI,,1
lec_spring_2025,2025-05-25T15:00:00Z,113487475359325361,113487475359325363,2,KC,Karmine Corp,MKOI,Movistar KOI,,1
lec_spring_2025,2025-05-25T15:00:00Z,113487475359325361,113487475359325364,3,KC,Karmine Corp,MKOI,Movistar KOI,,1
lec_spring_2025,2025-05-25T15:00:00Z,113487475359325361,113487475359325365,4,KC,Karmine Corp,MKOI,Movistar KOI,,1
lec_spring_2025,2025-05-25T15:00:00Z,113487475359325361,113487475359325366,5,KC,Karmine Corp,MKOI,Movistar KOI,,1
lec_spring_2025,2025-05-26T15:00:00Z,113487475359325373,113487475359325374,1,MKOI,Movistar KOI,G2,G2 Esports,,1
lec_spring_2025,2025-05-26T15:00:00Z,113487475359325373,113487475359325375,2,MKOI,Movistar KOI,G2,G2 Esports,,1
lec_spring_2025,2025-05-26T15:00:00Z,113487475359325373,113487475359325376,3,MKOI,Movistar KOI,G2,G2 Esports,,1
lec_spring_2025,2025-05-26T15:00:00Z,113487475359325373,113487475359325377,4,MKOI,Movistar KOI,G2,G2 Esports,,1
lec_spring_2025,2025-05-26T15:00:00Z,113487475359325373,113487475359325378,5,MKOI,Movistar KOI,G2,G2 Esports,,0
lec_spring_2025,2025-05-31T15:00:00Z,113487475359325385,113487475359325386,1,FNC,Fnatic,GX,GIANTX,,1
lec_spring_2025,2025-05-31T15:00:00Z,113487475359325385,113487475359325387,2,FNC,Fnatic,GX,GIANTX,,1
lec_spring_2025,2025-05-31T15:00:00Z,113487475359325385,113487475359325388,3,FNC,Fnatic,GX,GIANTX,,1
lec_spring_2025,2025-05-31T15:00:00Z,113487475359325385,113487475359325389,4,FNC,Fnatic,GX,GIANTX,,1
lec_spring_2025,2025-05-31T15:00:00Z,113487475359325385,113487475359325390,5,FNC,Fnatic,GX,GIANTX,,0
lec_spring_2025,2025-06-01T15:00:00Z,113487475359325379,113487475359325380,1,KC,Karmine Corp,TH,Team Heretics,,1
lec_spring_2025,2025-06-01T15:00:00Z,113487475359325379,113487475359325381,2,KC,Karmine Corp,TH,Team Heretics,,1
lec_spring_2025,2025-06-01T15:00:00Z,113487475359325379,113487475359325382,3,KC,Karmine Corp,TH,Team Heretics,,1
lec_spring_2025,2025-06-01T15:00:00Z,113487475359325379,113487475359325383,4,KC,Karmine Corp,TH,Team Heretics,,1
lec_spring_2025,2025-06-01T15:00:00Z,113487475359325379,113487475359325384,5,KC,Karmine Corp,TH,Team Heretics,,0
lec_spring_2025,2025-06-02T15:00:00Z,113487475359325391,113487475359325392,1,KC,Karmine Corp,FNC,Fnatic,,1
lec_spring_2025,2025-06-02T15:00:00Z,113487475359325391,113487475359325393,2,KC,Karmine Corp,FNC,Fnatic,,1
lec_spring_2025,2025-06-02T15:00:00Z,113487475359325391,113487475359325394,3,KC,Karmine Corp,FNC,Fnatic,,1
lec_spring_2025,2025-06-02T15:00:00Z,113487475359325391,113487475359325395,4,KC,Karmine Corp,FNC,Fnatic,,0
lec_spring_2025,2025-06-02T15:00:00Z,113487475359325391,113487475359325396,5,KC,Karmine Corp,FNC,Fnatic,,0
lec_spring_2025,2025-06-07T15:00:00Z,113487475359325397,113487475359325398,1,MKOI,Movistar KOI,KC,Karmine Corp,,1
lec_spring_2025,2025-06-07T15:00:00Z,113487475359325397,113487475359325399,2,MKOI,Movistar KOI,KC,Karmine Corp,,1
lec_spring_2025,2025-06-07T15:00:00Z,113487475359325397,113487475359325400,3,MKOI,Movistar KOI,KC,Karmine Corp,,1
lec_spring_2025,2025-06-07T15:00:00Z,113487475359325397,113487475359325401,4,MKOI,Movistar KOI,KC,Karmine Corp,,1
lec_spring_2025,2025-06-07T15:00:00Z,113487475359325397,113487475359325402,5,MKOI,Movistar KOI,KC,Karmine Corp,,1
lec_spring_2025,2025-06-08T15:00:00Z,113487475359325403,113487475359325404,1,G2,G2 Esports,MKOI,Movistar KOI,,1
lec_spring_2025,2025-06-08T15:00:00Z,113487475359325403,113487475359325405,2,G2,G2 Esports,MKOI,Movistar KOI,,1
lec_spring_2025,2025-06-08T15:00:00Z,113487475359325403,113487475359325406,3,G2,G2 Esports,MKOI,Movistar KOI,,1
lec_spring_2025,2025-06-08T15:00:00Z,113487475359325403,113487475359325407,4,G2,G2 Esports,MKOI,Movistar KOI,,1
lec_spring_2025,2025-06-08T15:00:00Z,113487475359325403,113487475359325408,5,G2,G2 Esports,MKOI,Movistar KOI,,0
lec_winter_2025,2025-01-18T17:00:00Z,113476054450558827,113476054450558828,1,TH,Team Heretics,RGE,Rogue,,1
lec_winter_2025,2025-01-18T17:45:00Z,113476054450558861,113476054450558862,1,VIT,Team Vitality,SHFT,Shifters,,1
lec_winter_2025,2025-01-18T18:30:00Z,113476054450558887,113476054450558888,1,GX,GIANTX,SK,SK Gaming,,1
lec_winter_2025,2025-01-18T19:15:00Z,113476054450558905,113476054450558906,1,MKOI,Movistar KOI,FNC,Fnatic,,1
lec_winter_2025,2025-01-18T20:00:00Z,113476054450558915,113476054450558916,1,KC,Karmine Corp,G2,G2 Esports,,1
lec_winter_2025,2025-01-19T17:00:00Z,113476054450558835,113476054450558836,1,TH,Team Heretics,SK,SK Gaming,,1
lec_winter_2025,2025-01-19T17:45:00Z,113476054450558849,113476054450558850,1,RGE,Rogue,GX,GIANTX,,1
lec_winter_2025,2025-01-19T18:30:00Z,113476054450558907,113476054450558908,1,MKOI,Movistar KOI,KC,Karmine Corp,,1
lec_winter_2025,2025-01-19T19:15:00Z,113476054450558885,113476054450558886,1,G2,G2 Esports,SHFT,Shifters,,1
lec_winter_2025,2025-01-19T20:00:00Z,113476054450558869,113476054450558870,1,FNC,Fnatic,VIT,Team Vitality,,1
lec_winter_2025,2025-01-20T17:00:00Z,113476054450558847,113476054450558848,1,SHFT,Shifters,RGE,Rogue,,1
lec_winter_2025,2025-01-20T17:45:00Z,113476054450558839,113476054450558840,1,TH,Team Heretics,FNC,Fnatic,,1
lec_winter_2025,2025-01-20T18:30:00Z,113476054450558867,113476054450558868,1,MKOI,Movistar KOI,VIT,Team Vitality,,1
lec_winter_2025,2025-01-20T19:15:00Z,113476054450558903,113476054450558904,1,G2,G2 Esports,SK,SK Gaming,,1
lec_winter_2025,2025-01-20T20:00:00Z,113476054450558893,113476054450558894,1,GX,GIANTX,KC,Karmine Corp,,1
lec_winter_2025,2025-01-25T17:00:00Z,113476054450558855,113476054450558856,1,RGE,Rogue,FNC,Fnatic,,1
lec_winter_2025,2025-01-25T17:45:00Z,113476054450558831,113476054450558832,1,SHFT,Shifters,TH,Team Heretics,,1
lec_winter_2025,2025-01-25T18:30:00Z,113476054450558889,113476054450558890,1,GX,GIANTX,MKOI,Movistar KOI,,1
lec_winter_2025,2025-01-25T19:15:00Z,113476054450558873,113476054450558874,1,VIT,Team Vitality,G2,G2 Esports,,1
lec_winter_2025,2025-01-25T20:00:00Z,113476054450558901,113476054450558902,1,KC,Karmine Corp,SK,SK Gaming,,1
lec_winter_2025,2025-01-26T17:00:00Z,113476054450558833,113476054450558834,1,GX,GIANTX,TH,Team Heretics,,1
lec_winter_2025,2025-01-26T17:45:00Z,113476054450558865,113476054450558866,1,SK,SK Gaming,VIT,Team Vitality,,1
lec_winter_2025,2025-01-26T18:30:00Z,113476054450558913,113476054450558914,1,FNC,Fnatic,G2,G2 Esports,,1
lec_winter_2025,2025-01-26T19:15:00Z,113476054450558857,113476054450558858,1,KC,Karmine Corp,RGE,Rogue,,1
lec_winter_2025,2025-01-26T20:00:00Z,113476054450558879,113476054450558880,1,SHFT,Shifters,MKOI,Movistar KOI,,1
lec_winter_2025,2025-01-27T17:00:00Z,113476054450558845,113476054450558846,1,VIT,Team Vitality,RGE,Rogue,,1
lec_winter_2025,2025-01-27T17:45:00Z,113476054450558881,113476054450558882,1,FNC,Fnatic,SHFT,Shifters,,1
lec_winter_2025,2025-01-27T18:30:00Z,113476054450558895,113476054450558896,1,G2,G2 Esports,GX,GIANTX,,1
lec_winter_2025,2025-01-27T19:15:00Z,113476054450558841,113476054450558842,1,KC,Karmine Corp,TH,Team Heretics,,1
lec_winter_2025,2025-01-27T20:00:00Z,113476054450558897,113476054450558898,1,SK,SK Gaming,MKOI,Movistar KOI,,1
lec_winter_2025,2025-02-01T17:00:00Z,113476054450558877,113476054450558878,1,SK,SK Gaming,SHFT,Shifters,,1
lec_winter_2025,2025-02-01T17:45:00Z,113476054450558891,113476054450558892,1,GX,GIANTX,FNC,Fnatic,,1
lec_winter_2025,2025-02-01T18:30:00Z,113476054450558859,113476054450558860,1,RGE,Rogue,G2,G2 Esports,,1
lec_winter_2025,2025-02-01T19:15:00Z,113476054450558837,113476054450558838,1,TH,Team Heretics,MKOI,Movistar KOI,,1
lec_winter_2025,2025-02-01T20:00:00Z,113476054450558871,113476054450558872,1,VIT,Team Vitality,KC,Karmine Corp,,1
lec_winter_2025,2025-02-02T17:00:00Z,113476054450558851,113476054450558852,1,RGE,Rogue,SK,SK Gaming,,1
lec_winter_2025,2025-02-02T17:45:00Z,113476054450558875,113476054450558876,1,SHFT,Shifters,GX,GIANTX,,1
lec_winter_2025,2025-02-02T18:30:00Z,113476054450558911,113476054450558912,1,FNC,Fnatic,KC,Karmine Corp,,1
lec_winter_2025,2025-02-02T19:15:00Z,113476054450558829,113476054450558830,1,TH,Team Heretics,VIT,Team Vitality,,1
lec_winter_2025,2025-02-02T20:00:00Z,113476054450558909,113476054450558910,1,G2,G2 Esports,MKOI,Movistar KOI,,1
lec_winter_2025,2025-02-03T17:00:00Z,113476054450558863,113476054450558864,1,VIT,Team Vitality,GX,GIANTX,,1
lec_winter_2025,2025-02-03T17:45:00Z,113476054450558853,113476054450558854,1,MKOI,Movistar KOI,RGE,Rogue,,1
lec_winter_2025,2025-02-03T18:30:00Z,113476054450558883,113476054450558884,1,KC,Karmine Corp,SHFT,Shifters,,1
lec_winter_2025,2025-02-03T19:15:00Z,113476054450558843,113476054450558844,1,G2,G2 Esports,TH,Team Heretics,,1
lec_winter_2025,2025-02-03T20:00:00Z,113476054450558899,113476054450558900,1,SK,SK Gaming,FNC,Fnatic,,1
lec_winter_2025,2025-02-15T17:00:00Z,113476054450558917,113476054450558918,1,FNC,Fnatic,TH,Team Heretics,,1
lec_winter_2025,2025-02-15T17:00:00Z,113476054450558917,113476054450558919,2,FNC,Fnatic,TH,Team Heretics,,1
lec_winter_2025,2025-02-15T17:00:00Z,113476054450558917,113476054450558920,3,FNC,Fnatic,TH,Team Heretics,,0
lec_winter_2025,2025-02-15T19:00:00Z,113476054450558921,113476054450558922,1,G2,G2 Esports,GX,GIANTX,,1
lec_winter_2025,2025-02-15T19:00:00Z,113476054450558921,113476054450558923,2,G2,G2 Esports,GX,GIANTX,,1
lec_winter_2025,2025-02-15T19:00:00Z,113476054450558921,113476054450558924,3,G2,G2 Esports,GX,GIANTX,,0
lec_winter_2025,2025-02-16T17:00:00Z,113476054450558925,113476054450558926,1,MKOI,Movistar KOI,SHFT,Shifters,,1
lec_winter_2025,2025-02-16T17:00:00Z,113476054450558925,113476054450558927,2,MKOI,Movistar KOI,SHFT,Shifters,,1
lec_winter_2025,2025-02-16T17:00:00Z,113476054450558925,113476054450558928,3,MKOI,Movistar KOI,SHFT,Shifters,,0
lec_winter_2025,2025-02-16T19:00:00Z,113476054450558929,113476054450558930,1,KC,Karmine Corp,VIT,Team Vitality,,1
lec_winter_2025,2025-02-16T19:00:00Z,113476054450558929,113476054450558931,2,KC,Karmine Corp,VIT,Team Vitality,,1
lec_winter_2025,2025-02-16T19:00:00Z,113476054450558929,113476054450558932,3,KC,Karmine Corp,VIT,Team Vitality,,0
lec_winter_2025,2025-02-17T17:00:00Z,113476054450558933,113476054450558934,1,FNC,Fnatic,G2,G2 Esports,,1
lec_winter_2025,2025-02-17T17:00:00Z,113476054450558933,113476054450558935,2,FNC,Fnatic,G2,G2 Esports,,1
lec_winter_2025,2025-02-17T17:00:00Z,113476054450558933,113476054450558936,3,FNC,Fnatic,G2,G2 Esports,,0
lec_winter_2025,2025-02-17T19:00:00Z,113476054450558937,113476054450558938,1,KC,Karmine Corp,MKOI,Movistar KOI,,1
lec_winter_2025,2025-02-17T19:00:00Z,113476054450558937,113476054450558939,2,KC,Karmine Corp,MKOI,Movistar KOI,,1
lec_winter_2025,2025-02-17T19:00:00Z,113476054450558937,113476054450558940,3,KC,Karmine Corp,MKOI,Movistar KOI,,0
lec_winter_2025,2025-02-22T17:00:00Z,113476054450558945,113476054450558946,1,VIT,Team Vitality,SHFT,Shifters,,1
lec_winter_2025,2025-02-22T17:00:00Z,113476054450558945,113945076264491210,2,VIT,Team Vitality,SHFT,Shifters,,1
lec_winter_2025,2025-02-22T17:00:00Z,113476054450558945,113945076264687819,3,VIT,Team Vitality,SHFT,Shifters,,1
lec_winter_2025,2025-02-22T19:00:00Z,113476054450558941,113476054450558942,1,GX,GIANTX,TH,Team Heretics,,1
lec_winter_2025,2025-02-22T19:00:00Z,113476054450558941,113476054450558943,2,GX,GIANTX,TH,Team Heretics,,1
lec_winter_2025,2025-02-22T19:00:00Z,113476054450558941,113476054450558944,3,GX,GIANTX,TH,Team Heretics,,1
lec_winter_2025,2025-02-23T17:00:00Z,113476054450624493,113476054450624494,1,FNC,Fnatic,SHFT,Shifters,,1
lec_winter_2025,2025-02-23T17:00:00Z,113476054450624493,113476054450624495,2,FNC,Fnatic,SHFT,Shifters,,1
lec_winter_2025,2025-02-23T17:00:00Z,113476054450624493,113476054450624496,3,FNC,Fnatic,SHFT,Shifters,,1
lec_winter_2025,2025-02-23T19:00:00Z,113476054450558953,113476054450558954,1,MKOI,Movistar KOI,GX,GIANTX,,1
lec_winter_2025,2025-02-23T19:00:00Z,113476054450558953,113476054450558955,2,MKOI,Movistar KOI,GX,GIANTX,,1
lec_winter_2025,2025-02-23T19:00:00Z,113476054450558953,113476054450624492,3,MKOI,Movistar KOI,GX,GIANTX,,0
lec_winter_2025,2025-02-24T17:00:00Z,113476054450558947,113476054450558948,1,KC,Karmine Corp,G2,G2 Esports,,1
lec_winter_2025,2025-02-24T17:00:00Z,113476054450558947,113476054450558949,2,KC,Karmine Corp,G2,G2 Esports,,1
lec_winter_2025,2025-02-24T17:00:00Z,113476054450558947,113476054450558950,3,KC,Karmine Corp,G2,G2 Esports,,1
lec_winter_2025,2025-02-24T17:00:00Z,113476054450558947,113476054450558951,4,KC,Karmine Corp,G2,G2 Esports,,1
lec_winter_2025,2025-02-24T17:00:00Z,113476054450558947,113476054450558952,5,KC,Karmine Corp,G2,G2 Esports,,0
lec_winter_2025,2025-02-28T17:00:00Z,113476054450624497,113476054450624498,1,FNC,Fnatic,MKOI,Movistar KOI,,1
lec_winter_2025,2025-02-28T17:00:00Z,113476054450624497,113476054450624499,2,FNC,Fnatic,MKOI,Movistar KOI,,1
lec_winter_2025,2025-02-28T17:00:00Z,113476054450624497,113476054450624500,3,FNC,Fnatic,MKOI,Movistar KOI,,1
lec_winter_2025,2025-02-28T17:00:00Z,113476054450624497,113476054450624501,4,FNC,Fnatic,MKOI,Movistar KOI,,1
lec_winter_2025,2025-02-28T17:00:00Z,113476054450624497,113476054450624502,5,FNC,Fnatic,MKOI,Movistar KOI,,0
lec_winter_2025,2025-03-01T17:00:00Z,113476054450624503,113476054450624504,1,KC,Karmine Corp,FNC,Fnatic,,1
lec_winter_2025,2025-03-01T17:00:00Z,113476054450624503,113476054450624505,2,KC,Karmine Corp,FNC,Fnatic,,1
lec_winter_2025,2025-03-01T17:00:00Z,113476054450624503,113476054450624506,3,KC,Karmine Corp,FNC,Fnatic,,1
lec_winter_2025,2025-03-01T17:00:00Z,113476054450624503,113476054450624507,4,KC,Karmine Corp,FNC,Fnatic,,1
lec_winter_2025,2025-03-01T17:00:00Z,113476054450624503,113476054450624508,5,KC,Karmine Corp,FNC,Fnatic,,1
lec_winter_2025,2025-03-02T17:00:00Z,113476054450624509,113476054450624510,1,G2,G2 Esports,KC,Karmine Corp,,1
lec_winter_2025,2025-03-02T17:00:00Z,113476054450624509,113476054450624511,2,G2,G2 Esports,KC,Karmine Corp,,1
lec_winter_2025,2025-03-02T17:00:00Z,113476054450624509,113476054450624512,3,G2,G2 Esports,KC,Karmine Corp,,1
lec_winter_2025,2025-03-02T17:00:00Z,113476054450624509,113476054450624513,4,G2,G2 Esports,KC,Karmine Corp,,0
lec_winter_2025,2025-03-02T17:00:00Z,113476054450624509,113476054450624514,5,G2,G2 Esports,KC,Karmine Corp,,0
