oracle_gameid,esports_game_id,esports_match_id,tournament,date,start_time,blue,red,game_num
LOLTMNT06_96344,113476054450558828,113476054450558827,lec_winter_2025,2025-01-18 17:09:08,2025-01-18T17:00:00Z,Team Heretics,Rogue,1
LOLTMNT06_96348,113476054450558862,113476054450558861,lec_winter_2025,2025-01-18 18:10:05,2025-01-18T17:45:00Z,Team Vitality,Team BDS,1
LOLTMNT06_95363,113476054450558888,113476054450558887,lec_winter_2025,2025-01-18 19:05:05,2025-01-18T18:30:00Z,GiantX,SK Gaming,1
LOLTMNT06_96368,113476054450558906,113476054450558905,lec_winter_2025,2025-01-18 19:59:46,2025-01-18T19:15:00Z,Movistar KOI,Fnatic,1
LOLTMNT06_95385,113476054450558916,113476054450558915,lec_winter_2025,2025-01-18 21:00:09,2025-01-18T20:00:00Z,Karmine Corp,G2 Esports,1
LOLTMNT06_96430,113476054450558836,113476054450558835,lec_winter_2025,2025-01-19 17:06:11,2025-01-19T17:00:00Z,Team Heretics,SK Gaming,1
LOLTMNT06_95435,113476054450558850,113476054450558849,lec_winter_2025,2025-01-19 17:59:13,2025-01-19T17:45:00Z,Rogue,GiantX,1
LOLTMNT06_95446,113476054450558908,113476054450558907,lec_winter_2025,2025-01-19 19:21:06,2025-01-19T18:30:00Z,Movistar KOI,Karmine Corp,1
LOLTMNT06_96459,113476054450558886,113476054450558885,lec_winter_2025,2025-01-19 20:24:44,2025-01-19T19:15:00Z,G2 Esports,Team BDS,1
LOLTMNT06_96473,113476054450558870,113476054450558869,lec_winter_2025,2025-01-19 21:18:52,2025-01-19T20:00:00Z,Fnatic,Team Vitality,1
LOLTMNT06_95500,113476054450558848,113476054450558847,lec_winter_2025,2025-01-20 17:07:36,2025-01-20T17:00:00Z,Team BDS,Rogue,1
LOLTMNT06_96516,113476054450558840,113476054450558839,lec_winter_2025,2025-01-20 18:05:02,2025-01-20T17:45:00Z,Team Heretics,Fnatic,1
LOLTMNT06_96529,113476054450558868,113476054450558867,lec_winter_2025,2025-01-20 18:52:10,2025-01-20T18:30:00Z,Movistar KOI,Team Vitality,1
LOLTMNT06_95531,113476054450558904,113476054450558903,lec_winter_2025,2025-01-20 19:48:37,2025-01-20T19:15:00Z,G2 Esports,SK Gaming,1
LOLTMNT06_96548,113476054450558894,113476054450558893,lec_winter_2025,2025-01-20 20:43:00,2025-01-20T20:00:00Z,GiantX,Karmine Corp,1
LOLTMNT04_92110,113476054450558856,113476054450558855,lec_winter_2025,2025-01-25 17:08:30,2025-01-25T17:00:00Z,Rogue,Fnatic,1
LOLTMNT04_92114,113476054450558832,113476054450558831,lec_winter_2025,2025-01-25 18:08:27,2025-01-25T17:45:00Z,Team BDS,Team Heretics,1
LOLTMNT04_92126,113476054450558890,113476054450558889,lec_winter_2025,2025-01-25 19:08:52,2025-01-25T18:30:00Z,GiantX,Movistar KOI,1
LOLTMNT04_92133,113476054450558874,113476054450558873,lec_winter_2025,2025-01-25 20:07:47,2025-01-25T19:15:00Z,Team Vitality,G2 Esports,1
LOLTMNT04_92142,113476054450558902,113476054450558901,lec_winter_2025,2025-01-25 21:14:10,2025-01-25T20:00:00Z,Karmine Corp,SK Gaming,1
LOLTMNT04_92193,113476054450558834,113476054450558833,lec_winter_2025,2025-01-26 17:07:00,2025-01-26T17:00:00Z,GiantX,Team Heretics,1
LOLTMNT04_93166,113476054450558866,113476054450558865,lec_winter_2025,2025-01-26 17:57:24,2025-01-26T17:45:00Z,SK Gaming,Team Vitality,1
LOLTMNT04_93174,113476054450558914,113476054450558913,lec_winter_2025,2025-01-26 19:04:12,2025-01-26T18:30:00Z,Fnatic,G2 Esports,1
LOLTMNT04_92211,113476054450558858,113476054450558857,lec_winter_2025,2025-01-26 19:52:31,2025-01-26T19:15:00Z,Karmine Corp,Rogue,1
LOLTMNT04_92219,113476054450558880,113476054450558879,lec_winter_2025,2025-01-26 20:38:09,2025-01-26T20:00:00Z,Team BDS,Movistar KOI,1
LOLTMNT04_92277,113476054450558846,113476054450558845,lec_winter_2025,2025-01-27 17:07:16,2025-01-27T17:00:00Z,Team Vitality,Rogue,1
LOLTMNT04_93276,113476054450558882,113476054450558881,lec_winter_2025,2025-01-27 18:02:18,2025-01-27T17:45:00Z,Fnatic,Team BDS,1
LOLTMNT04_93287,113476054450558896,113476054450558895,lec_winter_2025,2025-01-27 19:06:14,2025-01-27T18:30:00Z,G2 Esports,GiantX,1
LOLTMNT04_93299,113476054450558842,113476054450558841,lec_winter_2025,2025-01-27 19:53:56,2025-01-27T19:15:00Z,Karmine Corp,Team Heretics,1
LOLTMNT04_93308,113476054450558898,113476054450558897,lec_winter_2025,2025-01-27 20:50:22,2025-01-27T20:00:00Z,SK Gaming,Movistar KOI,1
LOLTMNT04_93750,113476054450558878,113476054450558877,lec_winter_2025,2025-02-01 17:08:38,2025-02-01T17:00:00Z,SK Gaming,Team BDS,1
LOLTMNT04_92679,113476054450558892,113476054450558891,lec_winter_2025,2025-02-01 17:56:54,2025-02-01T17:45:00Z,GiantX,Fnatic,1
LOLTMNT04_92696,113476054450558860,113476054450558859,lec_winter_2025,2025-02-01 18:52:30,2025-02-01T18:30:00Z,Rogue,G2 Esports,1
LOLTMNT04_92709,113476054450558838,113476054450558837,lec_winter_2025,2025-02-01 19:44:04,2025-02-01T19:15:00Z,Team Heretics,Movistar KOI,1
LOLTMNT04_92728,113476054450558872,113476054450558871,lec_winter_2025,2025-02-01 20:43:29,2025-02-01T20:00:00Z,Team Vitality,Karmine Corp,1
LOLTMNT04_93871,113476054450558852,113476054450558851,lec_winter_2025,2025-02-02 17:07:20,2025-02-02T17:00:00Z,Rogue,SK Gaming,1
LOLTMNT04_93883,113476054450558876,113476054450558875,lec_winter_2025,2025-02-02 17:57:23,2025-02-02T17:45:00Z,Team BDS,GiantX,1
LOLTMNT04_92827,113476054450558912,113476054450558911,lec_winter_2025,2025-02-02 18:59:16,2025-02-02T18:30:00Z,Fnatic,Karmine Corp,1
LOLTMNT04_92843,113476054450558830,113476054450558829,lec_winter_2025,2025-02-02 19:46:21,2025-02-02T19:15:00Z,Team Heretics,Team Vitality,1
LOLTMNT04_93937,113476054450558910,113476054450558909,lec_winter_2025,2025-02-02 20:42:01,2025-02-02T20:00:00Z,G2 Esports,Movistar KOI,1
LOLTMNT04_92941,113476054450558864,113476054450558863,lec_winter_2025,2025-02-03 17:05:40,2025-02-03T17:00:00Z,Team Vitality,GiantX,1
LOLTMNT04_92952,113476054450558854,113476054450558853,lec_winter_2025,2025-02-03 17:55:39,2025-02-03T17:45:00Z,Movistar KOI,Rogue,1
LOLTMNT04_92975,113476054450558884,113476054450558883,lec_winter_2025,2025-02-03 18:46:57,2025-02-03T18:30:00Z,Karmine Corp,Team BDS,1
LOLTMNT04_92989,113476054450558844,113476054450558843,lec_winter_2025,2025-02-03 19:36:03,2025-02-03T19:15:00Z,G2 Esports,Team Heretics,1
LOLTMNT04_94054,113476054450558900,113476054450558899,lec_winter_2025,2025-02-03 20:28:27,2025-02-03T20:00:00Z,SK Gaming,Fnatic,1
LOLTMNT05_111524,113476054450558918,113476054450558917,lec_winter_2025,2025-02-15 17:12:10,2025-02-15T17:00:00Z,Fnatic,Team Heretics,1
LOLTMNT05_112394,113476054450558919,113476054450558917,lec_winter_2025,2025-02-15 17:58:23,2025-02-15T17:00:00Z,Team Heretics,Fnatic,2
LOLTMNT05_112400,113476054450558922,113476054450558921,lec_winter_2025,2025-02-15 18:57:18,2025-02-15T19:00:00Z,G2 Esports,GiantX,1
LOLTMNT05_112410,113476054450558923,113476054450558921,lec_winter_2025,2025-02-15 19:58:48,2025-02-15T19:00:00Z,GiantX,G2 Esports,2
LOLTMNT05_112512,113476054450558926,113476054450558925,lec_winter_2025,2025-02-16 17:07:42,2025-02-16T17:00:00Z,Movistar KOI,Team BDS,1
LOLTMNT05_112514,113476054450558927,113476054450558925,lec_winter_2025,2025-02-16 17:59:31,2025-02-16T17:00:00Z,Team BDS,Movistar KOI,2
LOLTMNT05_112521,113476054450558930,113476054450558929,lec_winter_2025,2025-02-16 19:07:09,2025-02-16T19:00:00Z,Karmine Corp,Team Vitality,1
LOLTMNT05_112538,113476054450558931,113476054450558929,lec_winter_2025,2025-02-16 19:59:43,2025-02-16T19:00:00Z,Team Vitality,Karmine Corp,2
LOLTMNT05_111721,113476054450558934,113476054450558933,lec_winter_2025,2025-02-17 17:17:33,2025-02-17T17:00:00Z,Fnatic,G2 Esports,1
LOLTMNT05_111732,113476054450558935,113476054450558933,lec_winter_2025,2025-02-17 18:23:54,2025-02-17T17:00:00Z,Fnatic,G2 Esports,2
LOLTMNT05_111735,113476054450558938,113476054450558937,lec_winter_2025,2025-02-17 19:18:39,2025-02-17T19:00:00Z,Karmine Corp,Movistar KOI,1
LOLTMNT05_111750,113476054450558939,113476054450558937,lec_winter_2025,2025-02-17 20:07:22,2025-02-17T19:00:00Z,Movistar KOI,Karmine Corp,2
LOLTMNT05_114249,113476054450558946,113476054450558945,lec_winter_2025,2025-02-22 17:08:34,2025-02-22T17:00:00Z,Team Vitality,Team BDS,1
LOLTMNT05_114254,113945076264491210,113476054450558945,lec_winter_2025,2025-02-22 17:59:12,2025-02-22T17:00:00Z,Team Vitality,Team BDS,2
LOLTMNT05_113282,113945076264687819,113476054450558945,lec_winter_2025,2025-02-22 18:56:49,2025-02-22T17:00:00Z,Team BDS,Team Vitality,3
LOLTMNT05_114277,113476054450558942,113476054450558941,lec_winter_2025,2025-02-22 20:05:16,2025-02-22T19:00:00Z,GiantX,Team Heretics,1
LOLTMNT05_113307,113476054450558943,113476054450558941,lec_winter_2025,2025-02-22 20:53:51,2025-02-22T19:00:00Z,Team Heretics,GiantX,2
LOLTMNT05_113309,113476054450558944,113476054450558941,lec_winter_2025,2025-02-22 21:47:15,2025-02-22T19:00:00Z,GiantX,Team Heretics,3
LOLTMNT05_113346,113476054450624494,113476054450624493,lec_winter_2025,2025-02-23 17:08:40,2025-02-23T17:00:00Z,Fnatic,Team BDS,1
LOLTMNT05_114349,113476054450624495,113476054450624493,lec_winter_2025,2025-02-23 18:14:59,2025-02-23T17:00:00Z,Team BDS,Fnatic,2
LOLTMNT05_113358,113476054450624496,113476054450624493,lec_winter_2025,2025-02-23 19:05:40,2025-02-23T17:00:00Z,Fnatic,Team BDS,3
LOLTMNT05_114381,113476054450558954,113476054450558953,lec_winter_2025,2025-02-23 20:14:40,2025-02-23T19:00:00Z,Movistar KOI,GiantX,1
LOLTMNT05_114389,113476054450558955,113476054450558953,lec_winter_2025,2025-02-23 21:10:17,2025-02-23T19:00:00Z,GiantX,Movistar KOI,2
LOLTMNT05_113387,113476054450558948,113476054450558947,lec_winter_2025,2025-02-24 17:11:24,2025-02-24T17:00:00Z,Karmine Corp,G2 Esports,1
LOLTMNT05_113388,113476054450558949,113476054450558947,lec_winter_2025,2025-02-24 17:59:06,2025-02-24T17:00:00Z,Karmine Corp,G2 Esports,2
LOLTMNT05_114409,113476054450558950,113476054450558947,lec_winter_2025,2025-02-24 18:47:56,2025-02-24T17:00:00Z,G2 Esports,Karmine Corp,3
LOLTMNT05_114414,113476054450558951,113476054450558947,lec_winter_2025,2025-02-24 19:43:32,2025-02-24T17:00:00Z,Karmine Corp,G2 Esports,4
LOLTMNT05_115018,113476054450624498,113476054450624497,lec_winter_2025,2025-02-28 17:09:33,2025-02-28T17:00:00Z,Fnatic,Movistar KOI,1
LOLTMNT05_115019,113476054450624499,113476054450624497,lec_winter_2025,2025-02-28 18:08:30,2025-02-28T17:00:00Z,Movistar KOI,Fnatic,2
LOLTMNT05_115021,113476054450624500,113476054450624497,lec_winter_2025,2025-02-28 18:56:51,2025-02-28T17:00:00Z,Movistar KOI,Fnatic,3
LOLTMNT05_115027,113476054450624501,113476054450624497,lec_winter_2025,2025-02-28 19:58:16,2025-02-28T17:00:00Z,Fnatic,Movistar KOI,4
LOLTMNT05_115043,113476054450624504,113476054450624503,lec_winter_2025,2025-03-01 17:08:25,2025-03-01T17:00:00Z,Karmine Corp,Fnatic,1
LOLTMNT05_115044,113476054450624505,113476054450624503,lec_winter_2025,2025-03-01 18:04:33,2025-03-01T17:00:00Z,Fnatic,Karmine Corp,2
LOLTMNT05_115046,113476054450624506,113476054450624503,lec_winter_2025,2025-03-01 19:10:39,2025-03-01T17:00:00Z,Karmine Corp,Fnatic,3
LOLTMNT05_116037,113476054450624507,113476054450624503,lec_winter_2025,2025-03-01 20:05:53,2025-03-01T17:00:00Z,Karmine Corp,Fnatic,4
LOLTMNT05_115052,113476054450624508,113476054450624503,lec_winter_2025,2025-03-01 21:00:04,2025-03-01T17:00:00Z,Fnatic,Karmine Corp,5
LOLTMNT05_116057,113476054450624510,113476054450624509,lec_winter_2025,2025-03-02 17:13:49,2025-03-02T17:00:00Z,G2 Esports,Karmine Corp,1
LOLTMNT05_116059,113476054450624511,113476054450624509,lec_winter_2025,2025-03-02 18:09:35,2025-03-02T17:00:00Z,G2 Esports,Karmine Corp,2
LOLTMNT05_115078,113476054450624512,113476054450624509,lec_winter_2025,2025-03-02 19:02:17,2025-03-02T17:00:00Z,Karmine Corp,G2 Esports,3
LOLTMNT05_122323,113487475359325310,113487475359325309,lec_spring_2025,2025-03-29 13:16:11,2025-03-29T13:00:00Z,Fnatic,GiantX,1
LOLTMNT05_122326,113487475359325311,113487475359325309,lec_spring_2025,2025-03-29 14:03:24,2025-03-29T13:00:00Z,GiantX,Fnatic,2
LOLTMNT05_122336,113487475359259646,113487475359259645,lec_spring_2025,2025-03-29 15:31:53,2025-03-29T15:00:00Z,Rogue,Team Heretics,1
LOLTMNT05_121339,113487475359259647,113487475359259645,lec_spring_2025,2025-03-29 16:28:08,2025-03-29T15:00:00Z,Rogue,Team Heretics,2
LOLTMNT05_122345,113487475359325346,113487475359325345,lec_spring_2025,2025-03-29 17:19:38,2025-03-29T17:00:00Z,G2 Esports,Movistar KOI,1
LOLTMNT05_122355,113487475359325347,113487475359325345,lec_spring_2025,2025-03-29 18:06:59,2025-03-29T17:00:00Z,Movistar KOI,G2 Esports,2
LOLTMNT05_121353,113487475359325348,113487475359325345,lec_spring_2025,2025-03-29 19:26:02,2025-03-29T17:00:00Z,Movistar KOI,G2 Esports,3
LOLTMNT05_122377,113487475359325254,113487475359325253,lec_spring_2025,2025-03-30 15:08:17,2025-03-30T15:00:00Z,GiantX,Team Vitality,1
LOLTMNT05_121383,113487475359325255,113487475359325253,lec_spring_2025,2025-03-30 16:01:34,2025-03-30T15:00:00Z,GiantX,Team Vitality,2
LOLTMNT05_122381,113487475359325342,113487475359325341,lec_spring_2025,2025-03-30 16:54:21,2025-03-30T17:00:00Z,Karmine Corp,Movistar KOI,1
LOLTMNT05_122391,113487475359325343,113487475359325341,lec_spring_2025,2025-03-30 17:44:33,2025-03-30T17:00:00Z,Movistar KOI,Karmine Corp,2
LOLTMNT05_122399,113487475359325344,113487475359325341,lec_spring_2025,2025-03-30 18:41:35,2025-03-30T17:00:00Z,Karmine Corp,Movistar KOI,3
LOLTMNT05_122430,113487475359259686,113487475359259685,lec_spring_2025,2025-03-31 15:08:49,2025-03-31T15:00:00Z,Team BDS,Rogue,1
LOLTMNT05_122431,113487475359259687,113487475359259685,lec_spring_2025,2025-03-31 16:07:14,2025-03-31T15:00:00Z,Rogue,Team BDS,2
LOLTMNT05_121435,113487475359259688,113487475359259685,lec_spring_2025,2025-03-31 17:02:42,2025-03-31T15:00:00Z,Team BDS,Rogue,3
LOLTMNT05_121441,113487475359325326,113487475359325325,lec_spring_2025,2025-03-31 18:03:10,2025-03-31T17:00:00Z,SK Gaming,Fnatic,1
LOLTMNT05_121453,113487475359325327,113487475359325325,lec_spring_2025,2025-03-31 18:52:10,2025-03-31T17:00:00Z,Fnatic,SK Gaming,2
LOLTMNT06_111070,113487475359259682,113487475359259681,lec_spring_2025,2025-04-05 12:07:02,2025-04-05T12:00:00Z,Rogue,Team Vitality,1
LOLTMNT06_111072,113487475359259683,113487475359259681,lec_spring_2025,2025-04-05 13:09:58,2025-04-05T12:00:00Z,Rogue,Team Vitality,2
LOLTMNT06_110083,113487475359325294,113487475359325293,lec_spring_2025,2025-04-05 14:08:19,2025-04-05T14:00:00Z,Team BDS,Karmine Corp,1
LOLTMNT06_111090,113487475359325295,113487475359325293,lec_spring_2025,2025-04-05 15:01:22,2025-04-05T14:00:00Z,Karmine Corp,Team BDS,2
LOLTMNT06_111097,113487475359259678,113487475359259677,lec_spring_2025,2025-04-05 16:02:04,2025-04-05T16:00:00Z,G2 Esports,Team Heretics,1
LOLTMNT06_110120,113487475359259679,113487475359259677,lec_spring_2025,2025-04-05 16:57:34,2025-04-05T16:00:00Z,Team Heretics,G2 Esports,2
LOLTMNT06_110153,113487475359325282,113487475359325281,lec_spring_2025,2025-04-06 15:08:21,2025-04-06T15:00:00Z,Team BDS,SK Gaming,1
LOLTMNT06_111152,113487475359325283,113487475359325281,lec_spring_2025,2025-04-06 16:01:55,2025-04-06T15:00:00Z,Team BDS,SK Gaming,2
LOLTMNT06_111156,113487475359325350,113487475359325349,lec_spring_2025,2025-04-06 16:56:07,2025-04-06T17:00:00Z,Karmine Corp,Fnatic,1
LOLTMNT06_110166,113487475359325351,113487475359325349,lec_spring_2025,2025-04-06 17:50:46,2025-04-06T17:00:00Z,Fnatic,Karmine Corp,2
LOLTMNT06_110171,113487475359325352,113487475359325349,lec_spring_2025,2025-04-06 18:48:36,2025-04-06T17:00:00Z,Karmine Corp,Fnatic,3
LOLTMNT06_110205,113487475359259690,113487475359259689,lec_spring_2025,2025-04-07 15:07:35,2025-04-07T15:00:00Z,GiantX,Rogue,1
LOLTMNT06_110211,113487475359259691,113487475359259689,lec_spring_2025,2025-04-07 16:25:24,2025-04-07T15:00:00Z,Rogue,GiantX,2
LOLTMNT06_111217,113487475359259666,113487475359259665,lec_spring_2025,2025-04-07 17:19:50,2025-04-07T17:00:00Z,Movistar KOI,Team Heretics,1
LOLTMNT06_110226,113487475359259667,113487475359259665,lec_spring_2025,2025-04-07 18:11:29,2025-04-07T17:00:00Z,Team Heretics,Movistar KOI,2
LOLTMNT06_111761,113487475359259654,113487475359259653,lec_spring_2025,2025-04-12 12:07:45,2025-04-12T12:00:00Z,Team Heretics,Team BDS,1
LOLTMNT06_110675,113487475359259655,113487475359259653,lec_spring_2025,2025-04-12 13:09:59,2025-04-12T12:00:00Z,Team BDS,Team Heretics,2
LOLTMNT06_111766,113487475359259656,113487475359259653,lec_spring_2025,2025-04-12 14:01:50,2025-04-12T12:00:00Z,Team Heretics,Team BDS,3
LOLTMNT06_111775,113487475359325246,113487475359325245,lec_spring_2025,2025-04-12 14:58:26,2025-04-12T14:00:00Z,Rogue,G2 Esports,1
LOLTMNT06_111817,113487475359325247,113487475359325245,lec_spring_2025,2025-04-12 15:52:38,2025-04-12T14:00:00Z,G2 Esports,Rogue,2
LOLTMNT06_110736,113487475359325330,113487475359325329,lec_spring_2025,2025-04-12 16:52:56,2025-04-12T16:00:00Z,Karmine Corp,SK Gaming,1
LOLTMNT06_111842,113487475359325331,113487475359325329,lec_spring_2025,2025-04-12 17:38:38,2025-04-12T16:00:00Z,SK Gaming,Karmine Corp,2
LOLTMNT06_112003,113487475359325266,113487475359325265,lec_spring_2025,2025-04-13 15:08:26,2025-04-13T15:00:00Z,Team Vitality,Fnatic,1
LOLTMNT06_110936,113487475359325267,113487475359325265,lec_spring_2025,2025-04-13 16:09:02,2025-04-13T15:00:00Z,Fnatic,Team Vitality,2
LOLTMNT06_110946,113487475359325286,113487475359325285,lec_spring_2025,2025-04-13 17:00:20,2025-04-13T17:00:00Z,Team BDS,Movistar KOI,1
LOLTMNT06_112050,113487475359325287,113487475359325285,lec_spring_2025,2025-04-13 17:50:05,2025-04-13T17:00:00Z,Movistar KOI,Team BDS,2
LOLTMNT06_110999,113487475359325302,113487475359325301,lec_spring_2025,2025-04-14 15:07:08,2025-04-14T15:00:00Z,GiantX,SK Gaming,1
LOLTMNT06_112069,113487475359325303,113487475359325301,lec_spring_2025,2025-04-14 16:04:09,2025-04-14T15:00:00Z,GiantX,SK Gaming,2
LOLTMNT06_112073,113487475359259674,113487475359259673,lec_spring_2025,2025-04-14 17:04:51,2025-04-14T17:00:00Z,Team Heretics,Karmine Corp,1
LOLTMNT06_112088,113487475359259675,113487475359259673,lec_spring_2025,2025-04-14 18:10:43,2025-04-14T17:00:00Z,Karmine Corp,Team Heretics,2
LOLTMNT06_113014,113487475359259676,113487475359259673,lec_spring_2025,2025-04-14 19:11:08,2025-04-14T17:00:00Z,Team Heretics,Karmine Corp,3
LOLTMNT04_107072,113487475359325238,113487475359325237,lec_spring_2025,2025-04-19 15:08:43,2025-04-19T15:00:00Z,Fnatic,Rogue,1
LOLTMNT04_107075,113487475359325239,113487475359325237,lec_spring_2025,2025-04-19 15:57:46,2025-04-19T15:00:00Z,Rogue,Fnatic,2
LOLTMNT04_106064,113487475359325314,113487475359325313,lec_spring_2025,2025-04-19 16:47:35,2025-04-19T17:00:00Z,Karmine Corp,GiantX,1
LOLTMNT04_106078,113487475359325315,113487475359325313,lec_spring_2025,2025-04-19 17:40:46,2025-04-19T17:00:00Z,GiantX,Karmine Corp,2
LOLTMNT04_107091,113487475359325316,113487475359325313,lec_spring_2025,2025-04-19 18:45:01,2025-04-19T17:00:00Z,Karmine Corp,GiantX,3
LOLTMNT04_107126,113487475359259650,113487475359259649,lec_spring_2025,2025-04-20 15:08:03,2025-04-20T15:00:00Z,Team Heretics,Team Vitality,1
LOLTMNT04_107128,113487475359259651,113487475359259649,lec_spring_2025,2025-04-20 16:07:56,2025-04-20T15:00:00Z,Team Vitality,Team Heretics,2
LOLTMNT04_106127,113487475359325298,113487475359325297,lec_spring_2025,2025-04-20 17:13:18,2025-04-20T17:00:00Z,Team BDS,G2 Esports,1
LOLTMNT04_107139,113487475359325299,113487475359325297,lec_spring_2025,2025-04-20 18:14:19,2025-04-20T17:00:00Z,G2 Esports,Team BDS,2
LOLTMNT04_106164,113487475359325230,113487475359325229,lec_spring_2025,2025-04-21 15:08:19,2025-04-21T15:00:00Z,SK Gaming,Rogue,1
LOLTMNT04_106166,113487475359325231,113487475359325229,lec_spring_2025,2025-04-21 16:08:11,2025-04-21T15:00:00Z,Rogue,SK Gaming,2
LOLTMNT04_106169,113487475359325232,113487475359325229,lec_spring_2025,2025-04-21 17:01:56,2025-04-21T15:00:00Z,SK Gaming,Rogue,3
LOLTMNT04_106173,113487475359325262,113487475359325261,lec_spring_2025,2025-04-21 17:55:01,2025-04-21T17:00:00Z,Team Vitality,Movistar KOI,1
LOLTMNT04_107177,113487475359325263,113487475359325261,lec_spring_2025,2025-04-21 18:47:43,2025-04-21T17:00:00Z,Movistar KOI,Team Vitality,2
LOLTMNT04_108350,113487475359325318,113487475359325317,lec_spring_2025,2025-04-26 13:32:18,2025-04-26T13:00:00Z,GiantX,G2 Esports,1
LOLTMNT04_106786,113487475359325319,113487475359325317,lec_spring_2025,2025-04-26 14:28:40,2025-04-26T13:00:00Z,GiantX,G2 Esports,2
LOLTMNT04_108362,113487475359325320,113487475359325317,lec_spring_2025,2025-04-26 15:20:43,2025-04-26T13:00:00Z,GiantX,G2 Esports,3
LOLTMNT04_106797,113487475359325338,113487475359325337,lec_spring_2025,2025-04-26 16:51:50,2025-04-26T15:00:00Z,Movistar KOI,Fnatic,1
LOLTMNT04_108377,113487475359325339,113487475359325337,lec_spring_2025,2025-04-26 17:50:12,2025-04-26T15:00:00Z,Movistar KOI,Fnatic,2
LOLTMNT04_106812,113487475359325340,113487475359325337,lec_spring_2025,2025-04-26 18:41:09,2025-04-26T15:00:00Z,Movistar KOI,Fnatic,3
LOLTMNT04_106845,113487475359325354,113487475359325353,lec_spring_2025,2025-04-27 13:19:45,2025-04-27T13:00:00Z,G2 Esports,Fnatic,1
LOLTMNT04_108428,113487475359325355,113487475359325353,lec_spring_2025,2025-04-27 14:15:31,2025-04-27T13:00:00Z,Fnatic,G2 Esports,2
LOLTMNT04_106860,113487475359325356,113487475359325353,lec_spring_2025,2025-04-27 15:11:18,2025-04-27T13:00:00Z,G2 Esports,Fnatic,3
LOLTMNT04_106881,113487475359325306,113487475359325305,lec_spring_2025,2025-04-27 16:42:44,2025-04-27T15:00:00Z,Movistar KOI,GiantX,1
LOLTMNT04_108453,113487475359325307,113487475359325305,lec_spring_2025,2025-04-27 17:49:02,2025-04-27T15:00:00Z,GiantX,Movistar KOI,2
LOLTMNT04_106898,113487475359325308,113487475359325305,lec_spring_2025,2025-04-27 18:40:48,2025-04-27T15:00:00Z,Movistar KOI,GiantX,3
LOLTMNT04_108493,113487475359259662,113487475359259661,lec_spring_2025,2025-04-28 15:08:13,2025-04-28T15:00:00Z,SK Gaming,Team Heretics,1
LOLTMNT04_106945,113487475359259663,113487475359259661,lec_spring_2025,2025-04-28 16:10:12,2025-04-28T15:00:00Z,Team Heretics,SK Gaming,2
LOLTMNT04_108498,113487475359325250,113487475359325249,lec_spring_2025,2025-04-28 17:09:03,2025-04-28T17:00:00Z,Team Vitality,Team BDS,1
LOLTMNT04_106968,113487475359325251,113487475359325249,lec_spring_2025,2025-04-28 18:06:44,2025-04-28T17:00:00Z,Team Vitality,Team BDS,2
LOLTMNT04_106978,113487475359325252,113487475359325249,lec_spring_2025,2025-04-28 19:02:43,2025-04-28T17:00:00Z,Team Vitality,Team BDS,3
LOLTMNT05_130051,113487475359325290,113487475359325289,lec_spring_2025,2025-05-03 15:09:16,2025-05-03T15:00:00Z,Fnatic,Team BDS,1
LOLTMNT05_130052,113487475359325291,113487475359325289,lec_spring_2025,2025-05-03 16:14:25,2025-05-03T15:00:00Z,Fnatic,Team BDS,2
LOLTMNT05_130053,113487475359325242,113487475359325241,lec_spring_2025,2025-05-03 17:11:00,2025-05-03T17:00:00Z,Karmine Corp,Rogue,1
LOLTMNT05_130060,113487475359325243,113487475359325241,lec_spring_2025,2025-05-03 18:03:58,2025-05-03T17:00:00Z,Karmine Corp,Rogue,2
LOLTMNT05_130075,113487475359325278,113487475359325277,lec_spring_2025,2025-05-04 15:08:14,2025-05-04T15:00:00Z,GiantX,Team BDS,1
LOLTMNT05_130076,113487475359325279,113487475359325277,lec_spring_2025,2025-05-04 16:13:46,2025-05-04T15:00:00Z,GiantX,Team BDS,2
LOLTMNT05_131093,113487475359325274,113487475359325273,lec_spring_2025,2025-05-04 17:09:16,2025-05-04T17:00:00Z,G2 Esports,Team Vitality,1
LOLTMNT05_130088,113487475359325275,113487475359325273,lec_spring_2025,2025-05-04 17:56:46,2025-05-04T17:00:00Z,G2 Esports,Team Vitality,2
LOLTMNT05_131176,113487475359259670,113487475359259669,lec_spring_2025,2025-05-05 15:07:50,2025-05-05T15:00:00Z,Fnatic,Team Heretics,1
LOLTMNT05_131180,113487475359259671,113487475359259669,lec_spring_2025,2025-05-05 15:57:04,2025-05-05T15:00:00Z,Team Heretics,Fnatic,2
LOLTMNT05_131182,113487475359325322,113487475359325321,lec_spring_2025,2025-05-05 16:44:05,2025-05-05T17:00:00Z,Movistar KOI,SK Gaming,1
LOLTMNT05_130177,113487475359325323,113487475359325321,lec_spring_2025,2025-05-05 17:33:32,2025-05-05T17:00:00Z,SK Gaming,Movistar KOI,2
LOLTMNT05_130653,113487475359325334,113487475359325333,lec_spring_2025,2025-05-10 15:17:02,2025-05-10T15:00:00Z,SK Gaming,G2 Esports,1
LOLTMNT05_130654,113487475359325335,113487475359325333,lec_spring_2025,2025-05-10 16:08:33,2025-05-10T15:00:00Z,G2 Esports,SK Gaming,2
LOLTMNT05_131696,113487475359325270,113487475359325269,lec_spring_2025,2025-05-10 18:24:32,2025-05-10T17:00:00Z,Team Vitality,Karmine Corp,1
LOLTMNT05_131697,113487475359325271,113487475359325269,lec_spring_2025,2025-05-10 19:16:52,2025-05-10T17:00:00Z,Team Vitality,Karmine Corp,2
LOLTMNT05_131698,113487475359325272,113487475359325269,lec_spring_2025,2025-05-10 20:20:57,2025-05-10T17:00:00Z,Karmine Corp,Team Vitality,3
LOLTMNT05_130721,113487475359325258,113487475359325257,lec_spring_2025,2025-05-11 15:13:45,2025-05-11T15:00:00Z,SK Gaming,Team Vitality,1
LOLTMNT05_131763,113487475359325259,113487475359325257,lec_spring_2025,2025-05-11 16:11:30,2025-05-11T15:00:00Z,Team Vitality,SK Gaming,2
LOLTMNT05_131765,113487475359325358,113487475359325357,lec_spring_2025,2025-05-11 17:22:16,2025-05-11T17:00:00Z,G2 Esports,Karmine Corp,1
LOLTMNT05_130732,113487475359325359,113487475359325357,lec_spring_2025,2025-05-11 18:19:31,2025-05-11T17:00:00Z,Karmine Corp,G2 Esports,2
LOLTMNT05_130733,113487475359325360,113487475359325357,lec_spring_2025,2025-05-11 19:12:55,2025-05-11T17:00:00Z,G2 Esports,Karmine Corp,3
LOLTMNT05_130766,113487475359259658,113487475359259657,lec_spring_2025,2025-05-12 15:07:44,2025-05-12T15:00:00Z,Team Heretics,GiantX,1
LOLTMNT05_131798,113487475359259659,113487475359259657,lec_spring_2025,2025-05-12 15:57:46,2025-05-12T15:00:00Z,Team Heretics,GiantX,2
LOLTMNT05_131801,113487475359325234,113487475359325233,lec_spring_2025,2025-05-12 16:51:21,2025-05-12T17:00:00Z,Rogue,Movistar KOI,1
LOLTMNT05_131808,113487475359325235,113487475359325233,lec_spring_2025,2025-05-12 17:43:15,2025-05-12T17:00:00Z,Rogue,Movistar KOI,2
LOLTMNT05_131854,114499885041404290,114499885041404289,lec_spring_2025,2025-05-13 18:08:09,2025-05-13T18:00:00Z,Team Heretics,Team Vitality,1
LOLTMNT06_121629,113487475359325368,113487475359325367,lec_spring_2025,2025-05-24 15:09:25,2025-05-24T15:00:00Z,Fnatic,G2 Esports,1
LOLTMNT06_120664,113487475359325369,113487475359325367,lec_spring_2025,2025-05-24 15:58:13,2025-05-24T15:00:00Z,G2 Esports,Fnatic,2
LOLTMNT06_121630,113487475359325370,113487475359325367,lec_spring_2025,2025-05-24 16:46:47,2025-05-24T15:00:00Z,Fnatic,G2 Esports,3
LOLTMNT06_121631,113487475359325371,113487475359325367,lec_spring_2025,2025-05-24 17:41:57,2025-05-24T15:00:00Z,Fnatic,G2 Esports,4
LOLTMNT06_120697,113487475359325362,113487475359325361,lec_spring_2025,2025-05-25 15:08:50,2025-05-25T15:00:00Z,Karmine Corp,Movistar KOI,1
LOLTMNT06_121661,113487475359325363,113487475359325361,lec_spring_2025,2025-05-25 16:00:56,2025-05-25T15:00:00Z,Karmine Corp,Movistar KOI,2
LOLTMNT06_121662,113487475359325364,113487475359325361,lec_spring_2025,2025-05-25 17:02:36,2025-05-25T15:00:00Z,Movistar KOI,Karmine Corp,3
LOLTMNT06_120702,113487475359325365,113487475359325361,lec_spring_2025,2025-05-25 17:58:24,2025-05-25T15:00:00Z,Karmine Corp,Movistar KOI,4
LOLTMNT06_121664,113487475359325366,113487475359325361,lec_spring_2025,2025-05-25 18:55:37,2025-05-25T15:00:00Z,Movistar KOI,Karmine Corp,5
LOLTMNT06_120738,113487475359325374,113487475359325373,lec_spring_2025,2025-05-26 15:09:11,2025-05-26T15:00:00Z,Movistar KOI,G2 Esports,1
LOLTMNT06_121704,113487475359325375,113487475359325373,lec_spring_2025,2025-05-26 16:01:51,2025-05-26T15:00:00Z,Movistar KOI,G2 Esports,2
LOLTMNT06_121705,113487475359325376,113487475359325373,lec_spring_2025,2025-05-26 17:06:57,2025-05-26T15:00:00Z,Movistar KOI,G2 Esports,3
LOLTMNT06_121707,113487475359325377,113487475359325373,lec_spring_2025,2025-05-26 18:02:13,2025-05-26T15:00:00Z,G2 Esports,Movistar KOI,4
LOLTMNT06_122265,113487475359325386,113487475359325385,lec_spring_2025,2025-05-31 15:08:33,2025-05-31T15:00:00Z,Fnatic,GiantX,1
LOLTMNT06_122266,113487475359325387,113487475359325385,lec_spring_2025,2025-05-31 16:05:21,2025-05-31T15:00:00Z,GiantX,Fnatic,2
LOLTMNT06_123271,113487475359325388,113487475359325385,lec_spring_2025,2025-05-31 16:59:13,2025-05-31T15:00:00Z,GiantX,Fnatic,3
LOLTMNT06_122267,113487475359325389,113487475359325385,lec_spring_2025,2025-05-31 17:52:53,2025-05-31T15:00:00Z,Fnatic,GiantX,4
LOLTMNT06_122354,113487475359325380,113487475359325379,lec_spring_2025,2025-06-01 15:08:14,2025-06-01T15:00:00Z,Karmine Corp,Team Heretics,1
LOLTMNT06_123341,113487475359325381,113487475359325379,lec_spring_2025,2025-06-01 16:22:30,2025-06-01T15:00:00Z,Team Heretics,Karmine Corp,2
LOLTMNT06_122355,113487475359325382,113487475359325379,lec_spring_2025,2025-06-01 17:24:12,2025-06-01T15:00:00Z,Karmine Corp,Team Heretics,3
LOLTMNT06_123342,113487475359325383,113487475359325379,lec_spring_2025,2025-06-01 18:16:17,2025-06-01T15:00:00Z,Team Heretics,Karmine Corp,4
LOLTMNT06_122364,113487475359325392,113487475359325391,lec_spring_2025,2025-06-02 15:08:07,2025-06-02T15:00:00Z,Karmine Corp,Fnatic,1
LOLTMNT06_122365,113487475359325393,113487475359325391,lec_spring_2025,2025-06-02 16:02:53,2025-06-02T15:00:00Z,Fnatic,Karmine Corp,2
LOLTMNT06_122368,113487475359325394,113487475359325391,lec_spring_2025,2025-06-02 16:50:00,2025-06-02T15:00:00Z,Fnatic,Karmine Corp,3
LOLTMNT06_122390,113487475359325398,113487475359325397,lec_spring_2025,2025-06-07 15:09:59,2025-06-07T15:00:00Z,Movistar KOI,Karmine Corp,1
LOLTMNT06_122394,113487475359325399,113487475359325397,lec_spring_2025,2025-06-07 16:02:13,2025-06-07T15:00:00Z,Movistar KOI,Karmine Corp,2
LOLTMNT06_123396,113487475359325400,113487475359325397,lec_spring_2025,2025-06-07 17:01:12,2025-06-07T15:00:00Z,Karmine Corp,Movistar KOI,3
LOLTMNT06_122396,113487475359325401,113487475359325397,lec_spring_2025,2025-06-07 17:49:22,2025-06-07T15:00:00Z,Karmine Corp,Movistar KOI,4
LOLTMNT06_123397,113487475359325402,113487475359325397,lec_spring_2025,2025-06-07 18:35:43,2025-06-07T15:00:00Z,Movistar KOI,Karmine Corp,5
LOLTMNT06_123414,113487475359325404,113487475359325403,lec_spring_2025,2025-06-08 15:13:24,2025-06-08T15:00:00Z,G2 Esports,Movistar KOI,1
LOLTMNT06_122412,113487475359325405,113487475359325403,lec_spring_2025,2025-06-08 16:15:01,2025-06-08T15:00:00Z,G2 Esports,Movistar KOI,2
LOLTMNT06_123415,113487475359325406,113487475359325403,lec_spring_2025,2025-06-08 17:13:16,2025-06-08T15:00:00Z,G2 Esports,Movistar KOI,3
LOLTMNT06_122413,113487475359325407,113487475359325403,lec_spring_2025,2025-06-08 18:09:12,2025-06-08T15:00:00Z,Movistar KOI,G2 Esports,4
LOLTMNT05_145072,113487543463874881,113487543463874880,lec_summer_2025,2025-08-02 15:14:26,2025-08-02T15:00:00Z,Natus Vincere,Karmine Corp,1
LOLTMNT05_145074,113487543463874882,113487543463874880,lec_summer_2025,2025-08-02 16:02:43,2025-08-02T15:00:00Z,Karmine Corp,Natus Vincere,2
LOLTMNT05_145075,113487543463874913,113487543463874912,lec_summer_2025,2025-08-02 16:51:45,2025-08-02T17:00:00Z,Team Heretics,Fnatic,1
LOLTMNT05_145081,113487543463874914,113487543463874912,lec_summer_2025,2025-08-02 17:43:46,2025-08-02T17:00:00Z,Team Heretics,Fnatic,2
LOLTMNT05_146099,113487543463874915,113487543463874912,lec_summer_2025,2025-08-02 18:30:16,2025-08-02T17:00:00Z,Fnatic,Team Heretics,3
LOLTMNT05_146142,113487543463874933,113487543463874932,lec_summer_2025,2025-08-03 15:09:00,2025-08-03T15:00:00Z,Team BDS,SK Gaming,1
LOLTMNT05_146144,113487543463874934,113487543463874932,lec_summer_2025,2025-08-03 16:08:24,2025-08-03T15:00:00Z,SK Gaming,Team BDS,2
LOLTMNT05_146146,113487543463874873,113487543463874872,lec_summer_2025,2025-08-03 17:01:36,2025-08-03T17:00:00Z,GiantX,Karmine Corp,1
LOLTMNT05_146151,113487543463874874,113487543463874872,lec_summer_2025,2025-08-03 17:59:10,2025-08-03T17:00:00Z,GiantX,Karmine Corp,2
LOLTMNT05_146152,113487543463874875,113487543463874872,lec_summer_2025,2025-08-03 18:50:16,2025-08-03T17:00:00Z,Karmine Corp,GiantX,3
LOLTMNT05_146170,113487543463874921,113487543463874920,lec_summer_2025,2025-08-04 15:08:13,2025-08-04T15:00:00Z,SK Gaming,Fnatic,1
LOLTMNT05_146172,113487543463874922,113487543463874920,lec_summer_2025,2025-08-04 15:53:27,2025-08-04T15:00:00Z,SK Gaming,Fnatic,2
LOLTMNT05_145155,113487543463874885,113487543463874884,lec_summer_2025,2025-08-04 16:50:58,2025-08-04T17:00:00Z,GiantX,Team Vitality,1
LOLTMNT05_145156,113487543463874886,113487543463874884,lec_summer_2025,2025-08-04 17:41:10,2025-08-04T17:00:00Z,Team Vitality,GiantX,2
LOLTMNT05_146696,113487543463874901,113487543463874900,lec_summer_2025,2025-08-09 15:08:27,2025-08-09T15:00:00Z,G2 Esports,Team Heretics,1
LOLTMNT05_146700,113487543463874902,113487543463874900,lec_summer_2025,2025-08-09 16:04:34,2025-08-09T15:00:00Z,G2 Esports,Team Heretics,2
LOLTMNT05_146705,113487543463874861,113487543463874860,lec_summer_2025,2025-08-09 16:57:02,2025-08-09T17:00:00Z,Movistar KOI,GiantX,1
LOLTMNT05_145693,113487543463874862,113487543463874860,lec_summer_2025,2025-08-09 17:54:11,2025-08-09T17:00:00Z,Movistar KOI,GiantX,2
LOLTMNT05_146708,113487543463874863,113487543463874860,lec_summer_2025,2025-08-09 18:41:39,2025-08-09T17:00:00Z,GiantX,Movistar KOI,3
LOLTMNT05_146756,113487543463874917,113487543463874916,lec_summer_2025,2025-08-10 15:12:55,2025-08-10T15:00:00Z,Fnatic,Team BDS,1
LOLTMNT05_146759,113487543463874918,113487543463874916,lec_summer_2025,2025-08-10 16:01:53,2025-08-10T15:00:00Z,Fnatic,Team BDS,2
LOLTMNT05_146760,113487543463874857,113487543463874856,lec_summer_2025,2025-08-10 16:57:30,2025-08-10T17:00:00Z,Karmine Corp,Movistar KOI,1
LOLTMNT05_146765,113487543463874858,113487543463874856,lec_summer_2025,2025-08-10 17:46:47,2025-08-10T17:00:00Z,Movistar KOI,Karmine Corp,2
LOLTMNT05_145755,113487543463874859,113487543463874856,lec_summer_2025,2025-08-10 18:36:14,2025-08-10T17:00:00Z,Karmine Corp,Movistar KOI,3
LOLTMNT06_133372,113487543463874869,113487543463874868,lec_summer_2025,2025-08-16 15:07:19,2025-08-16T15:00:00Z,Movistar KOI,Natus Vincere,1
LOLTMNT06_133374,113487543463874870,113487543463874868,lec_summer_2025,2025-08-16 16:02:38,2025-08-16T15:00:00Z,Natus Vincere,Movistar KOI,2
LOLTMNT06_132374,113487543463874929,113487543463874928,lec_summer_2025,2025-08-16 17:12:08,2025-08-16T17:00:00Z,Team Heretics,SK Gaming,1
LOLTMNT06_133390,113487543463874930,113487543463874928,lec_summer_2025,2025-08-16 18:11:57,2025-08-16T17:00:00Z,Team Heretics,SK Gaming,2
LOLTMNT06_132386,113487543463874931,113487543463874928,lec_summer_2025,2025-08-16 19:06:52,2025-08-16T17:00:00Z,SK Gaming,Team Heretics,3
LOLTMNT06_132462,113487543463874893,113487543463874892,lec_summer_2025,2025-08-17 15:08:19,2025-08-17T15:00:00Z,Team Vitality,Natus Vincere,1
LOLTMNT06_132463,113487543463874894,113487543463874892,lec_summer_2025,2025-08-17 15:57:36,2025-08-17T15:00:00Z,Natus Vincere,Team Vitality,2
LOLTMNT06_132464,113487543463874897,113487543463874896,lec_summer_2025,2025-08-17 16:49:42,2025-08-17T17:00:00Z,Fnatic,G2 Esports,1
LOLTMNT06_133477,113487543463874898,113487543463874896,lec_summer_2025,2025-08-17 17:39:11,2025-08-17T17:00:00Z,Fnatic,G2 Esports,2
LOLTMNT06_133504,113487543463874877,113487543463874876,lec_summer_2025,2025-08-18 15:11:01,2025-08-18T15:00:00Z,Karmine Corp,Team Vitality,1
LOLTMNT06_133506,113487543463874878,113487543463874876,lec_summer_2025,2025-08-18 15:56:20,2025-08-18T15:00:00Z,Karmine Corp,Team Vitality,2
LOLTMNT06_133510,113487543463874879,113487543463874876,lec_summer_2025,2025-08-18 16:49:30,2025-08-18T15:00:00Z,Karmine Corp,Team Vitality,3
LOLTMNT06_133511,113487543463874905,113487543463874904,lec_summer_2025,2025-08-18 17:51:49,2025-08-18T17:00:00Z,G2 Esports,Team BDS,1
LOLTMNT06_133519,113487543463874906,113487543463874904,lec_summer_2025,2025-08-18 18:48:23,2025-08-18T17:00:00Z,G2 Esports,Team BDS,2
LOLTMNT06_134147,113487543463874909,113487543463874908,lec_summer_2025,2025-08-25 15:08:07,2025-08-25T15:00:00Z,SK Gaming,G2 Esports,1
LOLTMNT06_133782,113487543463874910,113487543463874908,lec_summer_2025,2025-08-25 15:54:14,2025-08-25T15:00:00Z,G2 Esports,SK Gaming,2
LOLTMNT06_133790,113487543463874925,113487543463874924,lec_summer_2025,2025-08-25 16:51:10,2025-08-25T17:00:00Z,Team BDS,Team Heretics,1
LOLTMNT06_134153,113487543463874926,113487543463874924,lec_summer_2025,2025-08-25 17:47:22,2025-08-25T17:00:00Z,Team Heretics,Team BDS,2
LOLTMNT06_134158,113487543463874927,113487543463874924,lec_summer_2025,2025-08-25 18:48:43,2025-08-25T17:00:00Z,Team Heretics,Team BDS,3
LOLTMNT06_133844,113487543463874865,113487543463874864,lec_summer_2025,2025-08-26 15:11:14,2025-08-26T15:00:00Z,Team Vitality,Movistar KOI,1
LOLTMNT06_133849,113487543463874866,113487543463874864,lec_summer_2025,2025-08-26 16:15:45,2025-08-26T15:00:00Z,Movistar KOI,Team Vitality,2
LOLTMNT06_133856,113487543463874889,113487543463874888,lec_summer_2025,2025-08-26 17:09:46,2025-08-26T17:00:00Z,Natus Vincere,GiantX,1
LOLTMNT06_133858,113487543463874890,113487543463874888,lec_summer_2025,2025-08-26 18:09:54,2025-08-26T17:00:00Z,Natus Vincere,GiantX,2
LOLTMNT04_130187,113487569888189672,113487569888189671,lec_summer_2025,2025-09-05 15:09:47,2025-09-05T15:00:00Z,Team Heretics,Team Vitality,1
LOLTMNT04_129223,113487569888189673,113487569888189671,lec_summer_2025,2025-09-05 16:13:02,2025-09-05T15:00:00Z,Team Vitality,Team Heretics,2
LOLTMNT04_129231,113487569888189674,113487569888189671,lec_summer_2025,2025-09-05 17:03:14,2025-09-05T15:00:00Z,Team Heretics,Team Vitality,3
LOLTMNT04_129236,114914218255748361,113487569888189671,lec_summer_2025,2025-09-05 17:50:09,2025-09-05T15:00:00Z,Team Heretics,Team Vitality,4
LOLTMNT04_130276,113487569888189668,113487569888189667,lec_summer_2025,2025-09-06 15:10:58,2025-09-06T15:00:00Z,GiantX,Team BDS,1
LOLTMNT04_129302,113487569888189669,113487569888189667,lec_summer_2025,2025-09-06 16:01:37,2025-09-06T15:00:00Z,Team BDS,GiantX,2
LOLTMNT04_129307,113487569888189670,113487569888189667,lec_summer_2025,2025-09-06 16:55:25,2025-09-06T15:00:00Z,GiantX,Team BDS,3
LOLTMNT04_130365,113487569888189682,113487569888189681,lec_summer_2025,2025-09-07 15:07:42,2025-09-07T15:00:00Z,Karmine Corp,G2 Esports,1
LOLTMNT04_130370,113487569888189683,113487569888189681,lec_summer_2025,2025-09-07 16:01:49,2025-09-07T15:00:00Z,Karmine Corp,G2 Esports,2
LOLTMNT04_129373,113487569888189684,113487569888189681,lec_summer_2025,2025-09-07 16:50:17,2025-09-07T15:00:00Z,Karmine Corp,G2 Esports,3
LOLTMNT04_129375,113487569888189685,113487569888189681,lec_summer_2025,2025-09-07 17:39:49,2025-09-07T15:00:00Z,G2 Esports,Karmine Corp,4
LOLTMNT04_129398,113487569888189676,113487569888189675,lec_summer_2025,2025-09-08 15:06:41,2025-09-08T15:00:00Z,Movistar KOI,Fnatic,1
LOLTMNT04_129399,113487569888189677,113487569888189675,lec_summer_2025,2025-09-08 16:10:03,2025-09-08T15:00:00Z,Movistar KOI,Fnatic,2
LOLTMNT04_129400,113487569888189678,113487569888189675,lec_summer_2025,2025-09-08 17:00:46,2025-09-08T15:00:00Z,Fnatic,Movistar KOI,3
LOLTMNT04_129401,113487569888189679,113487569888189675,lec_summer_2025,2025-09-08 18:03:01,2025-09-08T15:00:00Z,Fnatic,Movistar KOI,4
LOLTMNT04_129402,113487569888189680,113487569888189675,lec_summer_2025,2025-09-08 18:55:22,2025-09-08T15:00:00Z,Movistar KOI,Fnatic,5
LOLTMNT04_129553,113487569888189700,113487569888189699,lec_summer_2025,2025-09-13 15:07:23,2025-09-13T15:00:00Z,Karmine Corp,Team Vitality,1
LOLTMNT04_129556,113487569888189701,113487569888189699,lec_summer_2025,2025-09-13 16:19:53,2025-09-13T15:00:00Z,Karmine Corp,Team Vitality,2
LOLTMNT04_129559,113487569888189702,113487569888189699,lec_summer_2025,2025-09-13 17:16:53,2025-09-13T15:00:00Z,Team Vitality,Karmine Corp,3
LOLTMNT04_129562,113487569888189703,113487569888189699,lec_summer_2025,2025-09-13 18:05:21,2025-09-13T15:00:00Z,Team Vitality,Karmine Corp,4
LOLTMNT04_129596,113487569888189688,113487569888189687,lec_summer_2025,2025-09-14 15:08:58,2025-09-14T15:00:00Z,Movistar KOI,G2 Esports,1
LOLTMNT04_129599,113487569888189689,113487569888189687,lec_summer_2025,2025-09-14 16:09:18,2025-09-14T15:00:00Z,Movistar KOI,G2 Esports,2
LOLTMNT04_129602,113487569888189690,113487569888189687,lec_summer_2025,2025-09-14 17:04:24,2025-09-14T15:00:00Z,Movistar KOI,G2 Esports,3
LOLTMNT04_130607,113487569888189691,113487569888189687,lec_summer_2025,2025-09-14 18:10:46,2025-09-14T15:00:00Z,G2 Esports,Movistar KOI,4
LOLTMNT04_129624,113487569888189694,113487569888189693,lec_summer_2025,2025-09-15 15:07:36,2025-09-15T15:00:00Z,Fnatic,GiantX,1
LOLTMNT04_129625,113487569888189695,113487569888189693,lec_summer_2025,2025-09-15 16:11:54,2025-09-15T15:00:00Z,GiantX,Fnatic,2
LOLTMNT04_129626,113487569888189696,113487569888189693,lec_summer_2025,2025-09-15 17:02:53,2025-09-15T15:00:00Z,GiantX,Fnatic,3
LOLTMNT05_154344,113487569888255242,113487569888189705,lec_summer_2025,2025-09-26 15:31:49,2025-09-26T15:00:00Z,Karmine Corp,Fnatic,1
LOLTMNT05_154348,113487569888255243,113487569888189705,lec_summer_2025,2025-09-26 16:37:04,2025-09-26T15:00:00Z,Karmine Corp,Fnatic,2
LOLTMNT05_155399,113487569888255248,113487569888255247,lec_summer_2025,2025-09-27 15:15:11,2025-09-27T15:00:00Z,Movistar KOI,Fnatic,1
LOLTMNT05_154390,113487569888255249,113487569888255247,lec_summer_2025,2025-09-27 16:09:44,2025-09-27T15:00:00Z,Fnatic,Movistar KOI,2
LOLTMNT05_154392,113487569888255250,113487569888255247,lec_summer_2025,2025-09-27 17:05:39,2025-09-27T15:00:00Z,Movistar KOI,Fnatic,3
LOLTMNT05_155401,113487569888255251,113487569888255247,lec_summer_2025,2025-09-27 18:03:01,2025-09-27T15:00:00Z,Fnatic,Movistar KOI,4
LOLTMNT05_155418,113487569888255254,113487569888255253,lec_summer_2025,2025-09-28 15:14:38,2025-09-28T15:00:00Z,Movistar KOI,G2 Esports,1
LOLTMNT05_154417,113487569888255255,113487569888255253,lec_summer_2025,2025-09-28 16:11:17,2025-09-28T15:00:00Z,Movistar KOI,G2 Esports,2
LOLTMNT05_154418,113487569888255256,113487569888255253,lec_summer_2025,2025-09-28 17:10:18,2025-09-28T15:00:00Z,Movistar KOI,G2 Esports,3
